Rk,Player,Pos,Age,Tm,G,MP,PER,TS%,3PAr,FTr,ORB%,DRB%,TRB%,AST%,STL%,BLK%,TOV%,USG%,,OWS,DWS,WS▼,WS/48,,OBPM,DBPM,BPM,VORP
1,James Harden,SG,28,HOU,72,2551,29.8,0.619,0.498,0.502,1.8,15.2,8.6,45.1,2.4,1.7,15.1,36.1,,11.6,3.8,15.4,0.289,,8.5,1.4,9.9,7.7
2,LeBron James,PF,33,CLE,82,3026,28.6,0.621,0.257,0.336,3.7,22.3,13.1,44.4,1.9,2,16.1,31.6,,11,3,14,0.221,,7.3,1.4,8.7,8.2
3,Karl-Anthony Towns,C,22,MIN,82,2918,24.9,0.646,0.243,0.343,9.3,30.9,20,10.8,1.1,3.5,10.5,22.9,,10.6,3.4,14,0.23,,4.9,0.2,5.1,5.2
4,Anthony Davis,PF,24,NOP,75,2727,28.9,0.612,0.111,0.409,7.7,24.8,16.5,10.8,2,5.6,8.6,30,,8.8,4.9,13.7,0.241,,5.3,1.4,6.7,5.9
5,Damian Lillard,PG,27,POR,73,2670,25.2,0.594,0.445,0.38,2.6,10.6,6.6,30.9,1.4,0.8,11.1,30.6,,9.9,2.7,12.6,0.227,,7,0.3,7.2,6.3
6,Giannis Antetokounmpo,PF,23,MIL,75,2756,27.3,0.598,0.1,0.457,6.7,25.3,16,23.7,2,3.3,11.7,31.2,,8.3,3.6,11.9,0.207,,5.3,0.9,6.2,5.7
7,LaMarcus Aldridge,C,32,SAS,75,2509,25,0.57,0.068,0.296,10.8,17.3,14,11.3,0.9,3,6.8,29.1,,7.4,3.5,10.9,0.209,,4.3,-0.4,3.9,3.7
8,Nikola Jokić,C,22,DEN,75,2443,24.4,0.603,0.277,0.31,9,27.9,18.5,29.6,1.8,2.1,15.5,24.2,,7.8,2.9,10.7,0.211,,5.3,1.6,6.9,5.5
9,Kevin Durant,SF,29,GSW,68,2325,26,0.64,0.338,0.331,1.6,19.5,11.2,25.5,1,4,12.9,30.4,,7.5,2.9,10.4,0.215,,6.7,0.6,7.3,5.5
10,Andre Drummond,C,24,DET,78,2625,22.9,0.555,0.012,0.448,16.4,36.4,26.2,14.3,2.2,4.3,15.9,21.2,,4.6,5.7,10.3,0.189,,1.5,1.7,3.2,3.4
11,Clint Capela,C,23,HOU,74,2034,24.5,0.65,0.001,0.38,13.5,30.8,22.2,5.7,1.4,5.7,11.5,19.4,,6.2,4.1,10.2,0.242,,2.4,1,3.4,2.8
12,Kyle Lowry,PG,31,TOR,78,2510,19.5,0.598,0.631,0.276,3,16.1,9.7,30.9,1.7,0.6,14.7,21.7,,7,3.1,10.2,0.194,,4.7,0.5,5.2,4.5
13,Chris Paul,PG,32,HOU,58,1847,24.4,0.604,0.475,0.277,2.3,16.7,9.5,40.9,2.6,0.6,12.5,24.5,,7.5,2.7,10.2,0.265,,5.2,1.8,7.1,4.2
14,Russell Westbrook,PG,29,OKC,80,2914,24.7,0.524,0.193,0.336,5.6,25.7,15.3,49.8,2.5,0.6,16.4,34.1,,5.5,4.5,10.1,0.166,,4.8,1.5,6.3,6.1
15,Steven Adams,C,24,OKC,76,2487,20.6,0.63,0.003,0.402,16.6,13.9,15.3,5.5,1.8,2.8,13.3,16.7,,6.7,3,9.7,0.187,,1.7,-0.6,1.1,2
16,DeMar DeRozan,SG,28,TOR,80,2711,21,0.555,0.203,0.396,2.5,10.4,6.5,25,1.5,0.6,9.5,29.6,,6.8,2.8,9.6,0.17,,3.3,-0.6,2.8,3.2
17,DeAndre Jordan,C,29,LAC,77,2424,20.2,0.648,0,0.54,15.1,37.6,26.5,7.1,0.8,2.4,16.1,15.2,,6,3.4,9.4,0.186,,1.7,-0.3,1.4,2.1
18,Ben Simmons,PG,21,PHI,81,2732,20,0.557,0.011,0.342,5.9,19.5,13,37.4,2.5,2.1,19.5,22.3,,4.2,5,9.2,0.162,,2,2.5,4.5,4.5
19,Stephen Curry,PG,29,GSW,51,1631,28.2,0.675,0.58,0.35,2.7,14.4,9,30.3,2.4,0.4,13.3,31,,7.2,1.9,9.1,0.267,,7.8,0,7.7,4
20,Jimmy Butler,SG,28,MIN,59,2164,23.7,0.59,0.217,0.461,4.2,12.7,8.4,20.6,2.7,1,8.9,24.9,,7.1,1.8,8.9,0.198,,5,0.7,5.8,4.2
21,Paul George,SF,27,OKC,79,2891,18.7,0.57,0.454,0.307,2.7,14.9,8.6,14.5,2.8,1.2,12.2,25.7,,5,3.9,8.9,0.147,,2.3,0.6,2.9,3.6
22,Kyrie Irving,PG,25,BOS,60,1931,25,0.61,0.374,0.24,1.9,10.8,6.4,30.7,1.7,0.7,10.4,31,,6.3,2.7,8.9,0.222,,6.4,0.9,7.3,4.5
23,Kemba Walker,PG,27,CHO,80,2736,20.6,0.572,0.441,0.308,1.2,8.7,4.9,27.4,1.6,0.7,10.4,27.4,,6.5,2,8.6,0.15,,4.7,-0.7,4,4.2
24,Victor Oladipo,SG,25,IND,75,2552,23.1,0.577,0.323,0.274,2.1,15.1,8.6,21.2,3.5,2,12.7,30.1,,4.3,4,8.2,0.155,,4.1,1.7,5.8,5
25,Rudy Gobert,C,25,UTA,56,1816,20.7,0.657,0,0.673,10.4,27,18.8,6.9,1.2,6,15.7,16.9,,4.2,3.9,8.1,0.214,,0.9,2.5,3.4,2.5
26,Otto Porter,SF,24,WAS,77,2432,18.3,0.602,0.354,0.145,4.8,18.1,11.4,10.1,2.4,1.5,7.4,18.4,,5,3.1,8.1,0.161,,2.6,1,3.5,3.4
27,Derrick Favors,C,26,UTA,77,2153,18.8,0.593,0.09,0.306,10.6,18.5,14.6,7.8,1.3,3.2,9.9,18.5,,4.5,3.5,8,0.179,,0.9,0.7,1.5,1.9
28,Al Horford,C,31,BOS,72,2277,17.6,0.575,0.3,0.159,5,20.2,12.7,23.6,0.9,2.9,14.1,18.4,,4,3.8,7.8,0.165,,2.4,2,4.4,3.7
29,Darren Collison,PG,30,IND,69,2018,18.8,0.61,0.321,0.226,2.1,7.8,5,26.4,2.3,0.7,10.9,17.4,,5.8,1.8,7.6,0.181,,2.4,0.3,2.7,2.4
30,Joe Ingles,SF,30,UTA,82,2578,14.4,0.623,0.646,0.116,1.1,13.9,7.6,22.9,1.8,0.7,17.4,15.9,,4,3.6,7.6,0.141,,1,1.3,2.3,2.8
31,Enes Kanter,C,25,NYK,71,1830,24,0.63,0.003,0.258,16.6,30.6,23.6,9.4,1,1.7,13.3,21.8,,5.5,2.1,7.6,0.198,,3.3,-1.1,2.2,1.9
32,Jonas Valančiūnas,C,25,TOR,77,1727,22.5,0.628,0.108,0.307,12.1,30.3,21.4,7.5,0.8,3.2,12.9,22.7,,4.6,3,7.6,0.21,,2.4,0,2.4,1.9
33,Taj Gibson,PF,32,MIN,82,2726,15.4,0.61,0.047,0.251,8.1,16.7,12.4,5.2,1.1,1.9,9.8,14.7,,5.4,1.7,7.2,0.126,,0.1,-0.7,-0.5,1
34,Jrue Holiday,SG,27,NOP,81,2927,17.8,0.57,0.286,0.191,2.4,10.8,6.8,24.9,2,1.7,13.6,23.1,,4.2,2.9,7.1,0.116,,1.3,0.3,1.6,2.7
35,Jayson Tatum,SF,19,BOS,80,2443,15.2,0.586,0.29,0.309,2.3,15.6,9,8.3,1.7,2,10.7,19.4,,3,4,7.1,0.139,,0,1.2,1.2,2
36,Bradley Beal,SG,24,WAS,82,2977,18.4,0.564,0.357,0.249,2.3,11.5,6.9,21,1.6,1.1,11.5,27.6,,4.4,2.5,6.9,0.111,,2.9,-0.7,2.2,3.1
37,Khris Middleton,SF,26,MIL,82,2982,17.4,0.577,0.32,0.285,1.8,15,8.4,17.7,2,0.6,11.8,24.6,,4.6,2.3,6.9,0.111,,0.8,-0.8,0,1.5
38,Dwight Howard,C,32,CHO,81,2463,20.5,0.577,0.008,0.639,11,33.8,22.2,7.1,1,4.4,15.1,24.2,,2.9,3.9,6.8,0.132,,-0.3,0.1,-0.1,1.2
39,Tobias Harris,PF,25,TOT,80,2668,17.1,0.565,0.364,0.177,2.4,15.7,9,11.8,1.3,1.1,7.4,23.3,,4.2,2.5,6.7,0.12,,2.3,-0.4,1.9,2.6
40,Lou Williams,SG,31,LAC,79,2589,20.2,0.574,0.387,0.367,1.7,6.6,4.2,26.3,1.6,0.6,13.1,29.8,,5.5,1.2,6.7,0.125,,4.2,-1.8,2.3,2.8
41,CJ McCollum,SG,26,POR,81,2923,17,0.536,0.316,0.166,2,9.9,6,15.8,1.3,1,8.6,26.5,,3.7,2.9,6.6,0.108,,1.8,-0.5,1.2,2.4
42,Dwight Powell,C,26,DAL,79,1672,18.8,0.656,0.195,0.43,8.7,21.3,14.7,8.5,2,1.7,10.3,15.5,,4.6,2.1,6.6,0.191,,0.6,1,1.6,1.5
43,Julius Randle,C,23,LAL,82,2190,19.9,0.606,0.05,0.47,8.9,22.8,15.9,15.8,0.9,1.7,16.3,25.3,,4,2.6,6.6,0.145,,0.6,0,0.6,1.4
44,J.J. Redick,SG,33,PHI,70,2116,15.9,0.614,0.523,0.248,0.5,8.3,4.5,15.1,0.8,0.2,9.6,21.7,,4.8,1.8,6.6,0.15,,2.2,-1.1,1.1,1.7
45,Dario Šarić,PF,23,PHI,78,2310,15.8,0.582,0.448,0.233,7.5,16.4,12.1,13,1.1,0.7,13.1,20.9,,3.8,2.8,6.6,0.137,,1.8,-0.5,1.3,1.9
46,Kevin Love,C,29,CLE,59,1651,22.4,0.614,0.453,0.365,7,29.8,18.6,9.8,1.3,1.2,9.6,25.1,,4.7,1.6,6.4,0.185,,4.5,-1.3,3.3,2.2
47,Kyle Anderson,SF,24,SAS,74,1978,15.9,0.582,0.13,0.333,4.7,17.6,11.1,14.7,2.9,2.5,15.8,13.5,,2.4,3.8,6.2,0.151,,-0.4,3.3,2.9,2.4
48,Will Barton,SG,27,DEN,81,2683,16.2,0.562,0.411,0.22,3,14.2,8.6,18.5,1.5,1.6,11.7,20.7,,4.4,1.8,6.2,0.111,,1.6,-0.4,1.1,2.1
49,Joel Embiid,C,23,PHI,63,1912,22.9,0.573,0.203,0.442,8.4,29.7,19.4,18,1,4.8,15.6,33.4,,2.3,3.8,6.2,0.155,,2,1.3,3.3,2.6
50,Robert Covington,SF,27,PHI,80,2532,12.9,0.563,0.658,0.163,2.4,15.5,9.2,8.7,2.6,2.4,12.3,17.2,,1.6,4.5,6.1,0.116,,-0.2,1.7,1.5,2.3
51,Draymond Green,PF,27,GSW,70,2287,16.1,0.556,0.414,0.279,3.9,21.1,13.1,29,2,3.1,22.5,17.2,,2.6,3.4,6.1,0.127,,0.9,1.9,2.8,2.8
52,Pau Gasol,C,37,SAS,77,1812,18.9,0.539,0.191,0.333,7.8,30.2,19,20.1,0.7,3.6,13.1,20.4,,2.7,3.3,6,0.159,,1.5,1.9,3.4,2.5
53,Larry Nance Jr.,C,25,TOT,66,1421,20.2,0.605,0.029,0.332,12.4,22,17.3,8.6,3,2.2,9.7,15.9,,3.5,2.3,5.8,0.196,,0.9,1.5,2.4,1.6
54,Spencer Dinwiddie,PG,24,BRK,80,2306,15.9,0.527,0.517,0.32,1.8,10.2,6,35,1.4,0.7,11.8,20.3,,4.3,1.4,5.7,0.118,,1.3,-0.7,0.6,1.5
55,Eric Bledsoe,PG,28,TOT,74,2322,19.7,0.582,0.364,0.321,2.6,11.7,7.1,25.7,3.2,1.5,16.1,26.1,,3.1,2.5,5.6,0.116,,2.3,0.3,2.5,2.6
56,Jakob Poeltl,C,22,TOR,82,1524,17.5,0.662,0.005,0.263,12.4,16.4,14.4,5.4,1.3,5.2,16.6,14.8,,3.1,2.4,5.6,0.175,,-0.7,1.1,0.4,0.9
57,Terry Rozier,PG,23,BOS,80,2068,15.1,0.52,0.503,0.186,3.4,16.3,9.9,17.5,1.9,0.8,8.5,20.4,,2.2,3.4,5.6,0.13,,0.9,1.2,2.1,2.1
58,Montrezl Harrell,C,24,LAC,76,1293,24.7,0.647,0.013,0.405,8.9,17,13,10.1,1.4,3.4,9.5,23.8,,4.3,1.3,5.5,0.205,,3.1,0.2,3.3,1.7
59,Gary Harris,SG,23,DEN,67,2304,16.5,0.597,0.434,0.178,1.8,6.8,4.3,13,2.6,0.5,10.8,20.7,,3.9,1.5,5.5,0.114,,1,-0.2,0.8,1.7
60,Jamal Murray,PG,20,DEN,81,2565,16.1,0.576,0.411,0.238,3.6,9.4,6.5,16.4,1.5,0.9,12.8,22.8,,4.3,1.2,5.5,0.103,,1.2,-1.5,-0.3,1.1
61,Kelly Olynyk,PF,26,MIA,76,1779,17.8,0.612,0.44,0.274,5.6,21.6,13.6,18.7,1.7,1.7,17.1,21.7,,2.8,2.7,5.5,0.148,,1.1,1.2,2.3,1.9
62,Thaddeus Young,PF,29,IND,81,2607,14.8,0.528,0.209,0.106,8,14.1,11.1,8.5,2.6,1.2,10.4,17.3,,2.3,3.2,5.5,0.101,,-0.2,0.4,0.2,1.4
63,Bojan Bogdanović,SF,28,IND,80,2464,13.9,0.605,0.453,0.241,1.4,10.9,6.2,7.1,1.1,0.3,10.1,19,,3.8,1.6,5.4,0.105,,0.5,-1.2,-0.7,0.8
64,John Collins,PF,20,ATL,74,1785,18.3,0.62,0.086,0.341,11,22.8,16.9,8.9,1.3,3.8,14.3,17.9,,3.4,2,5.4,0.145,,-0.4,0.2,-0.2,0.8
65,Jerami Grant,PF,23,OKC,81,1647,16.2,0.607,0.241,0.526,5.6,16.3,10.7,5.1,0.9,4.2,8.8,16,,3.5,1.9,5.4,0.156,,0,0.3,0.3,1
66,Josh Richardson,SF,24,MIA,81,2689,13.6,0.551,0.38,0.16,2.9,9,6,13.2,2.3,2.4,12.9,18.2,,1.8,3.5,5.4,0.096,,-0.6,1.3,0.7,1.8
67,Trevor Ariza,SF,32,HOU,67,2269,11.8,0.567,0.71,0.137,1.7,12.9,7.3,6.8,2.1,0.5,7,14.4,,2.6,2.8,5.3,0.113,,0,0.7,0.7,1.5
68,Kentavious Caldwell-Pope,SG,24,LAL,74,2458,13.2,0.561,0.52,0.243,2.6,14.1,8.4,9.4,2.1,0.5,9.9,16.9,,2.6,2.7,5.3,0.103,,-0.4,0.6,0.3,1.4
69,Goran Dragić,PG,31,MIA,75,2378,16.6,0.543,0.279,0.252,2.5,11.9,7.2,25.4,1.3,0.4,12.2,25.7,,2.9,2.3,5.3,0.106,,0.9,-0.6,0.3,1.4
70,Ricky Rubio,PG,27,UTA,77,2254,15.4,0.537,0.33,0.307,2.2,15.3,8.8,28.4,2.7,0.4,18.1,22.9,,1.5,3.8,5.3,0.112,,-0.7,1.5,0.7,1.6
71,Anthony Tolliver,PF,32,DET,79,1757,13.9,0.663,0.773,0.282,3.1,12.3,7.6,7.5,0.9,1.1,9.9,14.8,,3.8,1.5,5.3,0.146,,1.2,-0.3,0.9,1.3
72,Hassan Whiteside,C,28,MIA,54,1364,24.1,0.573,0.003,0.315,14.3,36.6,25.4,6.9,1.4,5.9,12.3,24.7,,2.3,3,5.3,0.187,,1.5,1.1,2.6,1.6
73,Donovan Mitchell,SG,21,UTA,79,2638,16.7,0.541,0.404,0.218,2.3,10.4,6.4,19.4,2.2,0.9,12.6,29.1,,1.4,3.8,5.2,0.095,,0.9,0.3,1.2,2.2
74,Serge Ibaka,PF,28,TOR,76,2093,14.7,0.574,0.379,0.151,4.3,21,12.8,4.4,0.7,3.8,9.7,19.4,,2.1,3,5.1,0.117,,-0.1,0,-0.1,1
75,Ed Davis,C,28,POR,78,1471,15.5,0.607,0.003,0.38,13.7,28.8,21.3,3.9,1.1,2.9,16.2,12.1,,2.5,2.5,5,0.164,,-1.2,0.6,-0.6,0.5
76,James Johnson,PF,30,MIA,73,1943,15.8,0.575,0.301,0.264,3.5,17.2,10.3,22.5,1.8,2.2,17.1,19.1,,2.2,2.8,5,0.123,,0,1.6,1.6,1.7
77,Tomáš Satoranský,SG,26,WAS,73,1643,15.4,0.615,0.263,0.25,5,11.1,8,24.8,1.6,0.8,16.3,13.7,,3.7,1.3,5,0.145,,0.8,0.5,1.2,1.3
78,Marvin Williams,PF,31,CHO,78,2006,13.9,0.603,0.542,0.218,3.9,16.2,10,7,1.4,1.6,9.7,14.8,,3.1,1.9,5,0.119,,0.6,0.3,1,1.5
79,Marcin Gortat,C,33,WAS,82,2075,14.7,0.546,0,0.291,9.9,24,17,10.6,1,2.6,13.5,15.5,,2.4,2.4,4.9,0.113,,-0.8,0.3,-0.6,0.8
80,Blake Griffin,PF,28,TOT,58,1970,19.6,0.544,0.323,0.331,4.1,19.8,12,28.1,1,0.8,12.6,28.9,,3.2,1.8,4.9,0.12,,3.6,-0.2,3.4,2.7
81,John Henson,C,27,MIL,76,1970,15.7,0.582,0.014,0.315,9,21.5,15.3,8.6,1.1,4.7,12.8,15,,2.8,2.2,4.9,0.12,,-1,0.1,-0.9,0.5
82,Jeremy Lamb,SG,25,CHO,80,1967,17,0.559,0.305,0.25,2.7,15.4,8.9,15.4,1.5,1.4,9.1,22.4,,3,1.9,4.9,0.12,,1.3,0.2,1.6,1.8
83,Jeff Teague,PG,29,MIN,70,2311,16.4,0.553,0.287,0.301,1.2,9.3,5.2,30.6,2.2,0.9,16.4,20.6,,3.4,1.4,4.9,0.101,,1.1,-0.7,0.4,1.4
84,Klay Thompson,SG,27,GSW,73,2506,16,0.598,0.442,0.083,1.5,10.3,6.2,11.2,1.1,1.1,9.5,23.7,,3.1,1.8,4.9,0.094,,1.7,-2.1,-0.4,1
85,Ryan Anderson,PF,29,HOU,66,1725,12.6,0.592,0.706,0.194,6.2,15.4,10.8,5.1,0.7,1,7.5,14.4,,3.1,1.7,4.8,0.132,,0.9,-0.8,0.1,0.9
86,Dirk Nowitzki,C,39,DAL,77,1900,16.7,0.575,0.445,0.142,1.2,25.2,12.8,10.4,1.1,2.1,6,20.5,,2.6,2.2,4.8,0.121,,1.7,0.6,2.3,2.1
87,Kyle O'Quinn,C,27,NYK,77,1387,20,0.625,0.044,0.331,9.7,27.8,18.8,16.8,1.3,6.1,18.5,17,,2.7,2.1,4.8,0.166,,0.4,2.6,3.1,1.8
88,DeMarcus Cousins,C,27,NOP,48,1737,22.6,0.583,0.34,0.456,6.8,30.9,19.2,23,2.2,3.5,18.9,31.9,,1.5,3.2,4.7,0.13,,2.5,2.2,4.7,2.9
89,Eric Gordon,SG,29,HOU,69,2154,15.2,0.578,0.627,0.248,1.3,7.5,4.4,11.7,1,1.1,10.8,24.7,,2.9,1.8,4.7,0.105,,2,-1.6,0.4,1.3
90,Jusuf Nurkić,C,23,POR,79,2088,19.2,0.528,0.007,0.287,10,26.9,18.5,11.7,1.5,4.3,14.6,26.4,,0.8,3.9,4.7,0.108,,-1.1,1.1,0,1.1
91,Domantas Sabonis,C,21,IND,74,1810,17.5,0.567,0.056,0.339,10.4,25.2,17.8,12.7,1.1,1.6,15.3,22.1,,2.5,2.2,4.7,0.126,,-0.6,-0.5,-1.1,0.4
92,Pascal Siakam,PF,23,TOR,81,1679,14.5,0.549,0.265,0.175,5.4,18.6,12.1,13.5,1.8,2,11.1,15.7,,2.1,2.5,4.7,0.133,,-0.3,1.6,1.3,1.4
93,Myles Turner,C,21,IND,65,1836,16.6,0.567,0.246,0.322,5.8,19.8,12.8,7,1,5.7,11.6,20,,2.2,2.5,4.7,0.122,,-0.6,0.4,-0.2,0.8
94,Fred VanVleet,PG,23,TOR,76,1520,15.9,0.556,0.479,0.185,1.9,11.5,6.8,22.8,2.2,1,11.2,19.1,,2.7,2,4.7,0.149,,1.4,1,2.4,1.7
95,Jaylen Brown,SG,21,BOS,70,2152,13.6,0.562,0.381,0.29,3.4,14,8.8,8.5,1.6,1,12,21.4,,1.2,3.2,4.5,0.1,,-0.8,0.3,-0.5,0.8
96,Wayne Ellington,SG,30,MIA,77,2041,12.5,0.588,0.827,0.111,1.3,10.7,6,5.9,1.3,0.3,6.6,17.3,,2.6,1.9,4.5,0.105,,1,-0.6,0.4,1.2
97,Alex Len,C,24,PHO,69,1395,19.4,0.612,0.008,0.611,13.2,26.7,19.8,9.1,0.9,3.5,14,17,,3.2,1.3,4.5,0.154,,0.6,-0.3,0.3,0.8
98,Delon Wright,PG,25,TOR,69,1433,16.5,0.574,0.354,0.271,3.6,11.7,7.7,19.6,2.5,1.8,13.9,17.2,,2.5,2.1,4.5,0.152,,1.4,1.8,3.3,1.9
99,E'Twaun Moore,SG,28,NOP,82,2586,12.1,0.593,0.362,0.082,2.5,7.3,5,10.1,1.5,0.4,10.6,16.1,,2.8,1.6,4.4,0.081,,-1,-0.5,-1.6,0.3
100,Ish Smith,PG,29,DET,82,2043,15.4,0.525,0.126,0.145,1.4,10.9,6.1,28.4,1.6,0.9,11.2,20.8,,2.4,2,4.4,0.102,,-0.3,0.3,0,1
101,Bam Adebayo,C,20,MIA,69,1368,15.7,0.57,0.021,0.526,9.7,21.6,15.6,11,1.2,2.5,13.6,15.9,,2.3,1.9,4.2,0.148,,-1.1,0.7,-0.4,0.6
102,Jarrett Allen,C,19,BRK,72,1441,17.5,0.636,0.038,0.37,10.5,18.1,14.3,5.4,0.9,4.6,15.1,16.3,,2.7,1.5,4.2,0.141,,-0.9,0.1,-0.8,0.5
103,Al-Farouq Aminu,PF,27,POR,69,2072,12,0.522,0.582,0.137,5.2,22.3,13.8,5.8,1.9,1.6,11.3,14.8,,0.9,3.2,4.2,0.097,,-0.7,1.1,0.4,1.3
104,Reggie Bullock,SF,26,DET,62,1732,13.6,0.615,0.515,0.09,1.7,8.3,4.9,8.4,1.4,0.7,7.6,15.7,,2.8,1.4,4.2,0.117,,0.7,0,0.7,1.2
105,Tyreke Evans,PG,28,MEM,52,1607,21.1,0.561,0.354,0.258,3.1,16.3,9.5,31.2,1.8,1,11.5,28.4,,3.1,1.2,4.2,0.126,,4.9,-0.5,4.5,2.6
106,Tyler Johnson,PG,25,MIA,72,2052,13,0.549,0.456,0.181,1.9,11.7,6.8,12.4,1.5,1.4,9.5,18.6,,1.9,2.3,4.2,0.097,,-0.5,0.2,-0.3,0.9
107,D.J. Augustin,PG,30,ORL,75,1760,15.4,0.615,0.504,0.35,1.9,8.2,5,24.4,1.5,0,16.5,18.6,,3.3,0.8,4.1,0.11,,1,-1.2,-0.2,0.8
108,DeMarre Carroll,PF,31,BRK,73,2180,14.3,0.55,0.498,0.313,5.1,18.4,11.7,10.5,1.3,1,10.3,19.8,,2.3,1.8,4.1,0.091,,0.5,-0.4,0.2,1.2
109,Rondae Hollis-Jefferson,SF,23,BRK,68,1920,16.9,0.548,0.075,0.436,5.5,20,12.7,14.2,1.6,1.9,12.3,22.2,,2.1,2,4.1,0.103,,-0.3,0.4,0.1,1
110,Amir Johnson,C,30,PHI,74,1171,14.9,0.575,0.123,0.327,11.8,18.3,15.2,13.9,1.8,3.1,15.6,12.8,,2.1,2,4.1,0.169,,-1.2,2.2,1,0.9
111,Patty Mills,PG,29,SAS,82,2107,11.8,0.558,0.607,0.173,1.4,6.8,4.1,16,1.3,0.4,12.6,17.8,,2,2.1,4.1,0.093,,-0.6,-0.4,-1,0.5
112,Marc Gasol,C,33,MEM,73,2408,17.4,0.532,0.31,0.326,3.7,25.3,14.2,21.7,1.1,3.9,14.1,25.6,,1.5,2.6,4,0.08,,1.7,0.6,2.3,2.7
113,Joe Harris,SG,26,BRK,78,1975,13.3,0.634,0.576,0.167,2.7,11.3,7,10.2,0.9,0.8,12,16.6,,3,0.9,4,0.097,,0.7,-0.6,0.1,1
114,Ersan İlyasova,PF,30,TOT,69,1729,14.9,0.558,0.413,0.22,7.6,18,12.9,7.9,1.7,1.3,9.7,18.7,,2.2,1.9,4,0.112,,-0.2,-0.4,-0.6,0.6
115,Nikola Mirotić,PF,26,TOT,55,1494,18.7,0.577,0.523,0.2,4.3,24.9,14.6,8.6,1.4,2.2,7.7,23.4,,2.2,1.8,4,0.128,,2.5,-0.3,2.2,1.6
116,Willie Cauley-Stein,C,24,SAC,73,2044,17.6,0.529,0.016,0.32,7,22,14.2,13.7,1.9,3.1,11,21.8,,1.7,2.2,3.9,0.092,,-0.4,0.3,-0.1,1
117,Jeff Green,PF,31,CLE,78,1828,14.8,0.587,0.275,0.379,3.7,11.2,7.6,8,1.1,1.6,9.4,19.3,,3.1,0.8,3.9,0.103,,-0.3,-1.5,-1.8,0.1
118,Kosta Koufos,C,28,SAC,71,1391,17.5,0.566,0,0.19,11.7,27.6,19.3,9.7,1.7,2.2,10.4,15.2,,2.3,1.5,3.9,0.134,,-0.2,-0.2,-0.4,0.6
119,Courtney Lee,SG,32,NYK,76,2310,13,0.564,0.368,0.164,1.4,9.3,5.4,11.3,1.7,0.6,9.4,16.9,,2.7,1.2,3.9,0.082,,-0.1,-0.2,-0.3,1
120,Trey Lyles,PF,22,DEN,73,1391,17.9,0.591,0.396,0.26,4.5,23.5,14,10.1,1.1,2,9.1,21.1,,2.7,1.2,3.9,0.135,,2,-0.7,1.3,1.1
121,P.J. Tucker,PF,32,HOU,82,2281,8.3,0.537,0.703,0.136,4.6,17.8,11.3,4.6,1.7,1,13.7,10.5,,1,3,3.9,0.082,,-1.9,0.8,-1.1,0.5
122,Harrison Barnes,PF,25,DAL,77,2634,15.8,0.539,0.276,0.259,3.1,17.1,9.9,9.9,0.9,0.5,8.1,25.2,,2,1.9,3.8,0.07,,0.8,-1.3,-0.5,1
123,Kyle Kuzma,PF,22,LAL,77,2401,14.2,0.549,0.418,0.2,3.9,17.4,10.7,9.1,1,1.1,11,22.5,,1.5,2.3,3.8,0.077,,0.3,-1,-0.7,0.8
124,Brook Lopez,C,29,LAL,74,1735,16.5,0.557,0.41,0.199,4.6,13.4,9,11.6,0.8,4.6,10.2,23.5,,1.9,1.9,3.8,0.105,,0.7,0.2,0.9,1.3
125,T.J. McConnell,PG,25,PHI,76,1706,12.5,0.545,0.147,0.093,2.4,11.5,7.1,24.5,2.6,0.6,20.4,13.8,,1.3,2.5,3.8,0.108,,-1.9,1.9,0,0.9
126,Carmelo Anthony,PF,33,OKC,78,2501,12.7,0.503,0.406,0.165,2.9,17.7,10,6.5,0.9,1.8,7.3,23.2,,1.2,2.5,3.7,0.071,,-0.6,-1.3,-1.9,0
127,Marco Belinelli,SG,31,TOT,80,1947,14.1,0.581,0.517,0.213,1.1,7.3,4.3,11.9,1.6,0.5,10.1,20.7,,2.4,1.3,3.7,0.092,,0.4,-0.8,-0.5,0.8
128,Dewayne Dedmon,C,28,ATL,62,1542,15.8,0.599,0.296,0.18,7.2,28.1,17.7,9.2,1.3,2.8,14.3,17,,1.8,1.9,3.7,0.114,,-0.4,0.5,0.1,0.8
129,Kelly Oubre Jr.,SF,22,WAS,81,2231,11.9,0.534,0.467,0.295,3,15.4,9.2,6.4,1.8,1.4,9.2,19.4,,1.4,2.3,3.7,0.08,,-1.6,-0.1,-1.7,0.2
130,Tyus Jones,PG,21,MIN,82,1467,14.1,0.572,0.393,0.247,1.2,9.2,5.2,21.2,3.2,0.4,14,12.7,,2.3,1.2,3.6,0.117,,-0.8,1.7,0.8,1.1
131,Frank Kaminsky,PF,24,CHO,79,1835,14.4,0.545,0.383,0.271,2.7,14.5,8.5,11,1,0.9,7.6,20.5,,2.3,1.3,3.6,0.094,,0.6,-0.8,-0.2,0.8
132,Mason Plumlee,C,27,DEN,74,1439,16.9,0.586,0.003,0.486,10.4,20.9,15.6,14.4,1.7,4.7,18.7,16.6,,1.8,1.8,3.6,0.12,,-1,1.4,0.5,0.9
133,Rajon Rondo,PG,31,NOP,65,1705,15.3,0.522,0.304,0.093,2,14.2,8.4,42.2,2,0.5,22.7,16.9,,1.9,1.7,3.6,0.101,,0,-0.4,-0.3,0.7
134,Nikola Vučević,C,27,ORL,57,1683,19.7,0.533,0.243,0.112,6.6,27.8,17.1,19.9,1.6,3,11,25.9,,1.3,2.3,3.6,0.102,,1.7,1,2.7,2
135,Nicolas Batum,SG,29,CHO,64,1981,14.4,0.523,0.422,0.2,3.1,13.8,8.4,26.2,1.6,1,15.6,18.3,,1.7,1.8,3.5,0.084,,0.5,-0.1,0.4,1.2
136,Bobby Portis,PF,22,CHI,73,1643,19.7,0.548,0.275,0.192,10,23,16.2,13.2,1.5,1.3,10.5,26,,2,1.5,3.5,0.101,,2.2,-1.3,0.8,1.2
137,Daniel Theis,C,25,BOS,63,936,16.1,0.616,0.249,0.348,10.7,21.2,16,9.1,1.6,4.3,17.2,15.5,,1.6,1.9,3.5,0.178,,-2,2.3,0.3,0.5
138,David West,C,37,GSW,73,999,20.9,0.6,0.021,0.209,7.7,18.2,13.3,20.5,2.3,5.9,16.2,21.7,,1.8,1.7,3.5,0.168,,0.7,2.5,3.1,1.3
139,Josh Hart,SG,22,LAL,63,1461,12.2,0.596,0.525,0.251,3.1,16,9.6,7.6,1.5,0.9,10.1,13.5,,1.9,1.5,3.4,0.111,,-0.6,0.5,-0.1,0.7
140,Jonas Jerebko,PF,30,UTA,74,1134,13.2,0.586,0.46,0.167,5.4,19.1,12.3,5.7,1.1,0.9,6.9,15.6,,1.8,1.6,3.4,0.144,,-0.4,0.4,0.1,0.6
141,Kyle Korver,SG,36,CLE,73,1574,13.4,0.652,0.777,0.149,0.7,10.9,5.9,8,1,1.5,9.6,16,,2.8,0.6,3.4,0.104,,1.5,-1.2,0.2,0.9
142,Greg Monroe,C,27,TOT,51,1040,21.2,0.598,0,0.308,11.4,25.2,18.3,18.7,2.1,1.8,17.7,22.4,,1.8,1.6,3.4,0.155,,1.3,1,2.2,1.1
143,T.J. Warren,SF,24,PHO,65,2142,17.6,0.541,0.085,0.24,6.1,10.5,8.3,7.2,1.5,1.5,6.7,24.9,,2.6,0.8,3.4,0.077,,0.8,-1.6,-0.7,0.7
144,J.J. Barea,PG,33,DAL,69,1603,17.8,0.545,0.454,0.148,1,13.4,7,45.1,1.1,0.2,16.3,24.9,,2.3,1,3.3,0.098,,2.7,-1.5,1.2,1.3
145,Wilson Chandler,SF,30,DEN,74,2346,10.9,0.542,0.39,0.181,4.9,14.1,9.6,9.4,0.9,1.4,11.9,14.3,,2.1,1.2,3.3,0.067,,-1,-1.1,-2.1,-0.1
146,Evan Fournier,SF,25,ORL,57,1837,15.5,0.577,0.418,0.216,1.4,9.5,5.4,14.8,1.3,0.7,9.8,23.3,,2.4,0.9,3.3,0.087,,0.8,-1.4,-0.6,0.7
147,Jerian Grant,PG,25,CHI,74,1686,14.3,0.528,0.372,0.374,1.9,9.3,5.5,30.1,1.8,0.4,13.2,17.4,,2.3,1,3.3,0.094,,-0.9,-0.5,-1.3,0.3
148,Michael Kidd-Gilchrist,SF,24,CHO,74,1850,12.5,0.536,0.004,0.305,4.8,13,8.8,5.9,1.3,1.4,7.7,16.1,,1.7,1.6,3.3,0.084,,-2.1,0,-2.1,-0.1
149,Lauri Markkanen,PF,20,CHI,68,2020,15.6,0.552,0.465,0.193,4,23.7,13.5,6.4,0.9,1.8,8.2,21.9,,1.7,1.6,3.3,0.079,,1,-1.2,-0.2,0.9
150,Markieff Morris,PF,28,WAS,73,1968,13.2,0.566,0.301,0.186,4.3,19.2,11.8,11,1.4,1.7,14.6,19.5,,1.2,2.1,3.3,0.08,,-1.3,0.1,-1.3,0.4
151,Zaza Pachulia,C,33,GSW,69,972,17,0.612,0.004,0.352,11,25,18.5,15.2,1.9,1.4,19.1,17,,1.8,1.4,3.3,0.161,,-0.7,0.7,0,0.5
152,Allen Crabbe,SG,25,BRK,75,2197,12.3,0.558,0.643,0.163,1.3,14.4,7.8,8.4,1,1.2,8.1,19,,1.8,1.4,3.2,0.07,,0,-0.7,-0.7,0.7
153,Maurice Harkless,SF,24,POR,59,1264,12.6,0.596,0.397,0.199,4,9.9,7,6,1.9,2.8,11,12.6,,1.6,1.7,3.2,0.123,,-0.4,1.7,1.4,1.1
154,George Hill,PG,31,TOT,67,1812,13.3,0.58,0.4,0.273,2.6,8.9,5.7,15,1.7,1.3,13.3,16.3,,2.3,0.9,3.2,0.085,,-0.2,-0.5,-0.8,0.6
155,Andre Iguodala,SF,34,GSW,64,1622,11.2,0.536,0.366,0.272,3.7,12.6,8.5,16.2,1.6,1.9,15.8,11.5,,1.6,1.6,3.2,0.094,,-1.1,0.8,-0.3,0.7
156,Marcus Morris,PF,28,BOS,54,1442,14.5,0.541,0.383,0.252,3.3,18.4,11,8.2,1.2,0.7,8.7,23,,1.1,2.2,3.2,0.108,,-0.1,-0.1,-0.1,0.7
157,Dejounte Murray,PG,21,SAS,81,1743,15.1,0.485,0.056,0.243,7,22.4,14.6,20.2,2.8,1.5,16.6,20.7,,-0.2,3.4,3.2,0.087,,-1.6,2.2,0.5,1.1
158,Shabazz Napier,PG,26,POR,74,1535,14.2,0.544,0.411,0.26,1.9,10.1,6,14.6,2.6,0.7,13.2,19.5,,1.2,2,3.2,0.101,,-0.7,1.4,0.7,1
159,Kristaps Porziņģis,PF,22,NYK,48,1553,20.4,0.539,0.256,0.309,4.4,18.1,11.3,6.2,1.1,6.4,8.4,31,,1.4,1.8,3.2,0.099,,1.9,-0.1,1.8,1.5
160,Ekpe Udoh,C,30,UTA,63,810,15.2,0.56,0.008,0.467,9.6,11.4,10.5,9.1,2.7,7.7,12.1,9.1,,1.3,1.8,3.2,0.187,,-1.3,4.4,3.1,1.1
161,Dāvis Bertāns,PF,25,SAS,77,1086,14.1,0.588,0.689,0.134,1.8,13.9,7.8,10.3,1.2,2.1,8.5,17.4,,1.6,1.4,3.1,0.135,,1,0.6,1.6,1
162,James Ennis,SF,27,TOT,72,1604,11.6,0.588,0.398,0.302,5.1,11,8,6.6,1.5,1,11.4,13.7,,2,1.1,3.1,0.092,,-1.1,-0.1,-1.2,0.3
163,Rudy Gay,PF,31,SAS,57,1231,18,0.545,0.22,0.27,6.8,19.5,13.1,9.8,1.9,2.6,11.5,24.6,,1,2.1,3.1,0.122,,0.2,0.6,0.8,0.9
164,Cory Joseph,PG,26,IND,82,2210,11,0.503,0.315,0.156,2,11.4,6.7,16.1,1.8,0.7,11.9,14.8,,1.2,2,3.1,0.068,,-1.8,0.3,-1.5,0.3
165,OG Anunoby,SF,20,TOR,74,1481,10,0.587,0.569,0.179,3.4,10.4,7,5,1.7,0.8,10.8,12.4,,1.4,1.6,3,0.098,,-1.2,0.6,-0.6,0.5
166,Aron Baynes,C,31,BOS,81,1485,12,0.502,0.047,0.175,9.7,22.1,16,9.6,0.7,2.9,14.3,16.8,,0.5,2.5,3,0.097,,-3.6,0.7,-2.9,-0.3
167,Jordan Clarkson,SG,25,TOT,81,1888,16.4,0.542,0.333,0.199,3.3,9.1,6.2,19.3,1.5,0.3,10.9,26.5,,1.9,1.2,3,0.077,,1.5,-1.4,0.1,1
168,Yogi Ferrell,SG,24,DAL,82,2282,11.4,0.54,0.492,0.141,1.2,11.2,6.1,13.5,1.4,0.4,9.1,17,,1.5,1.5,3,0.064,,-1.3,0,-1.4,0.4
169,Darius Miller,SF,27,NOP,82,1944,9.3,0.617,0.735,0.138,1,7.9,4.6,7.5,0.7,0.7,10.1,12.8,,2.1,0.9,3,0.075,,-1.1,-0.8,-1.9,0.1
170,Jordan Bell,C,23,GSW,57,809,18,0.641,0.022,0.238,8.9,19,14.3,16.9,2.1,5.5,20,13.9,,1.6,1.4,2.9,0.174,,0,2.8,2.8,1
171,Bismack Biyombo,C,25,ORL,82,1495,14.1,0.556,0.003,0.446,10.5,24,17.2,6.5,0.7,5.1,16.6,14.9,,1.1,1.8,2.9,0.094,,-2.6,0.2,-2.4,-0.2
172,Bogdan Bogdanović,SG,25,SAC,78,2175,13.5,0.556,0.426,0.154,1.6,10.5,5.8,18.3,1.7,0.7,13.2,19.6,,1.8,1.1,2.9,0.064,,-0.6,-0.9,-1.5,0.3
173,Trevor Booker,PF,30,TOT,68,1158,14.9,0.557,0.096,0.271,11.1,18.6,14.9,10.8,1.2,1.5,13.3,16.6,,1.6,1.3,2.9,0.121,,-0.6,0,-0.6,0.4
174,Gorgui Dieng,C,28,MIN,79,1333,14.7,0.543,0.157,0.263,9.1,22.2,15.6,7.5,1.7,2.6,12,16.3,,1.6,1.4,2.9,0.105,,-0.9,-0.1,-1,0.3
175,Aaron Gordon,PF,22,ORL,58,1909,16.5,0.53,0.395,0.26,5,21.5,13.2,11.7,1.5,1.9,10,24.7,,0.9,2,2.9,0.072,,0.9,-0.6,0.3,1.1
176,Danny Green,SG,30,SAS,70,1791,11.4,0.509,0.57,0.116,2.5,13,7.7,8.9,1.8,3.7,11.2,16.6,,0.1,2.9,2.9,0.078,,-1,1.4,0.4,1.1
177,C.J. Miles,SF,30,TOR,70,1337,13,0.545,0.758,0.162,1.5,11,6.4,6,1.4,1.3,5.7,22.3,,1.4,1.5,2.9,0.103,,1,-0.7,0.3,0.8
178,Tyler Zeller,C,28,TOT,66,1109,16,0.598,0.084,0.237,11,19.4,15.2,6.7,0.7,2.5,11.3,16.4,,2,0.9,2.9,0.126,,-0.5,-0.9,-1.4,0.2
179,Nemanja Bjelica,PF,29,MIN,67,1371,12.6,0.581,0.493,0.121,4.4,18.8,11.5,8.7,1.8,1,11.7,14.3,,1.7,1.1,2.8,0.097,,-0.1,0.2,0.1,0.7
180,Buddy Hield,SG,25,SAC,80,2024,16.1,0.557,0.437,0.087,3,14.8,8.6,12.8,2.1,1,11.3,24.3,,1.3,1.5,2.8,0.067,,1.6,-0.5,1,1.5
181,Richaun Holmes,C,24,PHI,48,746,17.4,0.585,0.129,0.232,8.6,21.4,15.2,12.3,1.3,3.2,8.6,16.6,,1.6,1.3,2.8,0.183,,-0.3,1.4,1.1,0.6
182,Brandon Ingram,SF,20,LAL,59,1975,13.8,0.536,0.138,0.371,3.1,13.8,8.5,17.7,1.1,1.8,14.4,22.2,,1,1.8,2.8,0.068,,-0.9,-0.3,-1.2,0.4
183,Maxi Kleber,PF,26,DAL,72,1206,13.4,0.576,0.414,0.191,6.3,15.6,10.8,6.4,1.1,3.5,8.2,13.7,,1.6,1.2,2.8,0.113,,-1,0.5,-0.5,0.5
184,Kevon Looney,C,21,GSW,66,910,14.8,0.588,0.026,0.399,11,15.2,13.2,6,1.8,4.9,12,12.4,,1.5,1.3,2.8,0.145,,-1.2,1,-0.2,0.4
185,Luc Mbah a Moute,PF,31,HOU,61,1564,10.3,0.595,0.501,0.275,1.6,11.7,6.7,5,2.3,1.4,15,12.8,,0.8,2.1,2.8,0.087,,-1.6,1.4,-0.2,0.7
186,Elfrid Payton,PG,23,TOT,63,1808,16.5,0.538,0.138,0.252,3.8,12.8,8.2,34.9,2.2,1,18.5,21.9,,1.4,1.4,2.8,0.075,,0.1,-0.3,-0.2,0.8
187,Malcolm Brogdon,PG,25,MIL,48,1436,14.3,0.578,0.32,0.169,1.9,10.8,6.4,16.3,1.4,0.8,10.9,19.1,,2,0.7,2.7,0.091,,-0.1,-1,-1.2,0.3
188,Tyson Chandler,C,35,PHO,46,1151,14.2,0.658,0,0.497,12.2,26.8,19.4,6.6,0.7,1.9,20.6,10.6,,1.9,0.8,2.7,0.111,,-0.8,-0.6,-1.4,0.2
189,Deyonta Davis,C,21,MEM,62,943,16.6,0.621,0,0.215,9,22,15.3,7.1,0.8,3.9,9.9,15.3,,1.9,0.8,2.7,0.138,,-0.9,-0.6,-1.5,0.1
190,Rodney Hood,SG,25,TOT,60,1616,14.3,0.546,0.443,0.172,1.6,9.9,5.8,9.7,1.4,0.6,8,24.3,,1.2,1.5,2.7,0.081,,0.8,-0.9,-0.1,0.8
191,JaVale McGee,C,30,GSW,65,615,22.3,0.641,0.027,0.237,11.5,18.7,15.4,8,1.6,7.3,10,19.2,,1.7,1.1,2.7,0.212,,0.3,1.2,1.5,0.5
192,Salah Mejri,C,31,DAL,61,729,17.8,0.644,0.022,0.482,12.5,25.4,18.7,7.2,1.5,8.2,19,12.8,,1.3,1.3,2.7,0.175,,-2,2.8,0.7,0.5
193,John Wall,PG,27,WAS,41,1410,19.1,0.515,0.25,0.361,1.8,10.2,6,44.5,2,2.8,17,29.1,,1.2,1.5,2.7,0.092,,3.5,-0.5,3,1.8
194,Jae Crowder,SF,27,TOT,80,2090,10.4,0.525,0.508,0.221,3.2,11.5,7.4,6.9,1.5,0.9,9.1,17.3,,1,1.6,2.6,0.06,,-1.9,-0.6,-2.5,-0.3
195,JaMychal Green,PF,27,MEM,55,1542,14,0.53,0.26,0.227,10.8,24.4,17.4,8.3,1,1.5,12.4,17.8,,1.3,1.3,2.6,0.079,,-0.8,-1.5,-2.3,-0.1
196,Tim Hardaway Jr.,SG,25,NYK,57,1885,14.4,0.533,0.479,0.209,1.9,11.3,6.6,12.7,1.6,0.5,9,23.8,,1.6,1.1,2.6,0.067,,0.5,-1.1,-0.6,0.7
197,Nenê,C,35,HOU,52,758,16.4,0.594,0.008,0.448,8.1,18,13.1,9.5,1.8,1.6,11.7,18.9,,1.5,1.1,2.6,0.163,,-1.6,0.6,-1,0.2
198,Luke Kennard,SG,21,DET,73,1463,12.1,0.56,0.419,0.163,1.6,11.9,6.6,12.7,1.5,0.8,12.2,17.2,,1.1,1.4,2.6,0.085,,-0.9,0.1,-0.8,0.5
199,Wesley Matthews,SF,31,DAL,63,2131,11.4,0.541,0.577,0.145,1.4,9.2,5.2,12.3,1.8,0.7,10.1,17.6,,1,1.6,2.6,0.059,,-1,0.1,-0.9,0.6
200,Patrick Patterson,PF,28,OKC,82,1270,10,0.555,0.643,0.173,2.7,14.6,8.4,6.1,1.9,1.6,10.3,10.8,,1.2,1.4,2.6,0.098,,-1.2,1,-0.2,0.6
201,Dennis Schröder,PG,24,ATL,67,2078,17.3,0.515,0.229,0.231,2.4,8.8,5.6,36.2,1.7,0.2,12.7,30.4,,1.5,1,2.6,0.059,,1.2,-1.9,-0.6,0.7
202,Thabo Sefolosha,SF,33,UTA,38,806,15.8,0.591,0.35,0.225,4.1,18.4,11.3,6.3,3.2,1.3,10.2,16.4,,1,1.6,2.6,0.156,,0.2,2.5,2.7,0.9
203,Evan Turner,SF,29,POR,79,2034,9.9,0.52,0.229,0.185,1.6,11.4,6.5,12.4,1.1,1.2,13.7,15.6,,0.5,2.1,2.6,0.061,,-2.9,0.4,-2.5,-0.3
204,Justise Winslow,PF,21,MIA,68,1680,11.5,0.496,0.264,0.213,4.3,20.5,12.4,13,1.6,1.7,12.6,16.3,,0.2,2.4,2.6,0.075,,-2.2,1.1,-1.1,0.4
205,Pat Connaughton,SG,25,POR,82,1488,9.3,0.539,0.538,0.113,2.7,9.1,5.9,8.7,0.8,1.2,9.5,13.4,,1.2,1.3,2.5,0.08,,-1.7,-0.1,-1.8,0.1
206,Devin Harris,PG,34,TOT,71,1340,13,0.563,0.5,0.374,1,9.8,5.3,16.9,1.8,0.8,12.6,20.2,,1.6,0.9,2.5,0.089,,-1.5,-0.3,-1.8,0.1
207,Paul Millsap,PF,32,DEN,38,1143,17,0.549,0.26,0.37,6.4,17.6,12.1,13.9,1.7,3.2,12.6,22,,1.4,1.1,2.5,0.107,,0.4,0,0.4,0.7
208,Mike Scott,PF,29,WAS,76,1406,13.6,0.599,0.311,0.145,4,15.8,9.9,9.1,0.8,0.6,12.4,20,,1.4,1,2.5,0.085,,-0.6,-1.1,-1.7,0.1
209,Tristan Thompson,C,26,CLE,53,1072,13.6,0.569,0,0.336,13.4,23.3,18.4,4.3,0.7,1.3,11.8,12.6,,1.8,0.7,2.5,0.113,,-1,-1.9,-2.9,-0.2
210,Denzel Valentine,SG,24,CHI,77,2095,12.1,0.527,0.513,0.071,2.4,18.3,10.1,17.8,1.5,0.5,11.8,17.5,,1,1.5,2.5,0.057,,-1,0,-1,0.5
211,Michael Beasley,PF,29,NYK,74,1653,17.8,0.556,0.107,0.197,6.5,21.2,13.9,12.5,1.1,2.3,14,26.9,,0.9,1.5,2.4,0.069,,0.6,-0.8,-0.2,0.7
212,Devin Booker,SG,21,PHO,54,1865,18.1,0.561,0.364,0.312,1.5,12.7,7,24.4,1.2,0.6,13.9,31.7,,1.9,0.6,2.4,0.063,,2.9,-2,0.9,1.4
213,Trey Burke,PG,25,NYK,36,785,21,0.563,0.273,0.148,1.8,8.2,5,36.4,1.5,0.4,9.5,25.1,,2,0.3,2.4,0.145,,3.9,-1.4,2.5,0.9
214,Dante Cunningham,SF,30,TOT,73,1562,10,0.539,0.462,0.143,5.5,14.9,10.3,4.3,1.2,1.5,7.9,11.6,,1.1,1.3,2.4,0.074,,-1.5,-0.2,-1.7,0.1
215,Mike Muscala,C,26,ATL,53,1060,14.4,0.597,0.535,0.199,5.9,18.3,12.1,7.3,1.4,2.2,11,15.7,,1.5,0.9,2.4,0.109,,0.3,0.1,0.3,0.6
216,David Nwaba,SG,25,CHI,70,1646,12.2,0.542,0.123,0.48,5.6,16,10.6,9.4,1.7,1.6,13.1,15.6,,1.1,1.4,2.4,0.071,,-2.7,0.2,-2.5,-0.2
217,Royce O'Neale,SF,24,UTA,69,1150,10.8,0.54,0.415,0.268,2.5,20.6,11.7,12,1.6,1.2,14.8,14.6,,0.5,1.8,2.4,0.099,,-2,1.8,-0.2,0.5
218,Austin Rivers,SG,25,LAC,61,2057,12.6,0.526,0.447,0.198,1.5,6.2,3.9,17.5,1.7,0.6,11.1,20.6,,1.4,1,2.4,0.056,,-0.3,-0.9,-1.2,0.4
219,Tony Snell,SG,26,MIL,75,2053,8.5,0.578,0.631,0.113,0.5,7.5,4,6.5,1.1,1.2,7.5,10.6,,1.6,0.7,2.4,0.056,,-1.5,-0.8,-2.3,-0.1
220,Corey Brewer,SF-SG,31,TOT,72,1208,11.2,0.534,0.348,0.285,3.8,10,6.9,7.5,3.2,1,12.1,14.3,,0.7,1.6,2.3,0.091,,-3.2,1.9,-1.3,0.2
221,Mario Hezonja,SF,22,ORL,75,1657,13.7,0.544,0.433,0.17,2.7,16.1,9.3,10,2.4,1.5,11.5,19.9,,0.5,1.8,2.3,0.066,,-0.9,0.4,-0.5,0.6
222,Caris LeVert,SF,23,BRK,71,1864,14.2,0.525,0.333,0.254,3,11.9,7.4,26,2.1,0.9,15.8,22.5,,0.7,1.6,2.3,0.058,,-0.8,0,-0.8,0.6
223,Doug McDermott,SF,26,TOT,81,1768,10.4,0.579,0.425,0.159,2.5,10.2,6.3,6.5,0.5,0.8,9.3,15,,1.7,0.6,2.3,0.063,,-1,-1.3,-2.2,-0.1
224,Eric Moreland,PF,26,DET,67,805,13.9,0.531,0,0.238,10.9,27.6,19.1,13.3,1.9,5.6,23.8,9.7,,0.7,1.6,2.3,0.135,,-2.8,3.3,0.5,0.5
225,Álex Abrines,SG,24,OKC,75,1134,9,0.567,0.759,0.158,2.5,8.9,5.6,3.4,1.7,0.6,7.4,12.7,,1.3,1,2.2,0.094,,-1.9,0.4,-1.5,0.1
226,Kent Bazemore,SG,28,ATL,65,1789,14.5,0.547,0.405,0.297,1.6,13.9,7.7,20.1,2.7,2.2,17,22.5,,0.2,2,2.2,0.059,,-0.4,1,0.6,1.2
227,Omri Casspi,SF,29,GSW,53,740,15.5,0.632,0.106,0.333,4.9,24,15.1,9.5,1.2,2,13.5,16.3,,1.2,1,2.2,0.141,,-0.9,0,-0.9,0.2
228,Raymond Felton,PG,33,OKC,82,1365,13,0.494,0.417,0.08,2,11,6.3,22.5,1.8,1.1,11.7,20.4,,0.9,1.3,2.2,0.078,,-0.3,-0.3,-0.6,0.5
229,Manu Ginóbili,SG,40,SAS,65,1299,12.9,0.553,0.415,0.283,1.6,10.6,6.1,19.1,1.7,1,16.8,21.5,,0.6,1.6,2.2,0.082,,-1.5,0.2,-1.3,0.2
230,Ian Mahinmi,C,31,WAS,77,1145,12.2,0.601,0.008,0.516,13.4,17.4,15.4,6.6,1.6,3.2,24.7,15.6,,0.8,1.4,2.2,0.093,,-4.6,0.2,-4.4,-0.7
231,Andre Roberson,SG,26,OKC,39,1037,10.9,0.543,0.222,0.235,7.8,12.2,9.9,6,2.2,3.1,14.4,8.6,,0.8,1.3,2.2,0.1,,-1.9,1.8,-0.1,0.5
232,Bryn Forbes,SG,24,SAS,80,1517,9.1,0.525,0.459,0.145,0.9,7.2,4,7.8,0.9,0.1,6.5,16.7,,0.8,1.3,2.1,0.067,,-2.5,-0.6,-3.1,-0.4
233,Gerald Green,SG,32,HOU,41,929,14.1,0.566,0.722,0.145,1.8,14.2,8.1,4.3,1.3,1.4,6.6,22.4,,1,1,2.1,0.107,,1,-0.8,0.3,0.5
234,Andrew Wiggins,SF,22,MIN,82,2979,13,0.505,0.26,0.242,3.1,10.8,6.9,8.2,1.5,1.5,8.8,23.4,,0.5,1.6,2.1,0.034,,-0.8,-1.7,-2.4,-0.3
235,Lonzo Ball,PG,20,LAL,52,1780,12.5,0.444,0.523,0.126,4.2,17.3,10.8,29.2,2.4,2,18.6,17.4,,-0.5,2.5,2,0.053,,-0.7,1.6,1,1.3
236,Reggie Jackson,PG,27,DET,45,1201,15.9,0.516,0.293,0.232,2.6,9,5.7,32.8,1.1,0.3,13.5,27.1,,1.1,0.9,2,0.078,,1,-1.4,-0.4,0.5
237,Jodie Meeks,SG,30,WAS,77,1119,12.4,0.548,0.534,0.298,1.5,11.2,6.4,9.1,1.3,0.3,7.7,19,,1.3,0.8,2,0.087,,-0.3,-0.8,-1.1,0.3
238,Taurean Prince,SF,23,ATL,82,2464,12.8,0.549,0.469,0.185,2.3,15.3,8.8,13.9,1.7,1.5,15.3,22.1,,0,2,2,0.038,,-0.5,-0.6,-1.1,0.6
239,Alec Burks,SG,26,UTA,64,1059,13.1,0.527,0.343,0.3,2.1,18.4,10.3,10,1.8,0.6,11.4,22.5,,0.2,1.6,1.9,0.084,,-1.3,0.4,-0.9,0.3
240,Cheick Diallo,PF,21,NOP,52,581,17,0.619,0,0.375,9.1,29.6,19.7,4.7,0.9,2.9,12,17.4,,1.1,0.8,1.9,0.157,,-1.3,0.1,-1.2,0.1
241,Robin Lopez,C,29,CHI,64,1690,14.7,0.552,0.022,0.14,8.2,10.3,9.2,12.3,0.4,2.8,13.5,20.4,,1.2,0.7,1.9,0.055,,-0.9,-1.3,-2.2,-0.1
242,Shelvin Mack,PG,27,ORL,69,1365,13.3,0.518,0.336,0.234,1.8,11.6,6.7,29.5,1.9,0.5,16.3,17.6,,1,1,1.9,0.069,,-1.2,-0.2,-1.4,0.2
243,Jonathon Simmons,SG,28,ORL,69,2029,12.7,0.555,0.268,0.317,3.3,9.7,6.5,13.3,1.4,0.6,14.4,22,,0.8,1.1,1.9,0.045,,-1.7,-1.3,-3.1,-0.5
244,Marcus Smart,SG,23,BOS,54,1614,10.8,0.479,0.483,0.258,3,9.8,6.4,23.7,2.2,1.2,18.4,19.4,,-0.6,2.5,1.9,0.056,,-2.1,1,-1.2,0.3
245,Cody Zeller,C,25,CHO,33,627,15.9,0.602,0.019,0.545,11.4,19.3,15.3,7.4,1.1,2.8,14.6,15.7,,1.2,0.7,1.9,0.145,,-1.2,0,-1.2,0.1
246,Khem Birch,C,25,ORL,42,578,16.4,0.582,0,0.484,13.2,21.1,17.1,8.5,1.3,2.9,12.1,13.2,,1.2,0.6,1.8,0.15,,-0.7,-0.2,-0.9,0.2
247,José Calderón,PG,36,CLE,57,914,11.3,0.643,0.524,0.162,1.7,8.5,5.2,17.4,1.4,0.2,17.1,11.6,,1.5,0.3,1.8,0.095,,-1.4,-0.5,-1.9,0
248,Treveon Graham,SG,24,CHO,63,1050,9,0.553,0.439,0.267,4.3,8.3,6.2,7.8,1.5,0.2,9.9,11.3,,1.1,0.7,1.8,0.08,,-2.8,0.1,-2.7,-0.2
249,Willy Hernangómez,C,23,TOT,48,495,21.2,0.604,0.073,0.549,13.3,27.2,20.2,10.5,1.8,2.7,14.7,21,,1.1,0.7,1.8,0.174,,0.9,0.5,1.4,0.4
250,Stanley Johnson,SF,21,DET,69,1894,9,0.48,0.418,0.259,1.9,13,7.3,8.5,2.5,0.7,11,16.4,,-0.6,2.4,1.8,0.046,,-4,1.1,-2.9,-0.4
251,Shaun Livingston,PG,32,GSW,71,1129,11.6,0.533,0.015,0.178,3.4,9.2,6.5,16.8,1.5,1.5,13.6,16.6,,0.9,0.9,1.8,0.077,,-2.8,-0.4,-3.1,-0.3
252,Lance Stephenson,SG,27,IND,82,1850,12.4,0.495,0.327,0.179,3.8,22,12.9,18.6,1.2,0.8,14.6,21.6,,-0.2,2,1.8,0.046,,-1.5,-0.3,-1.8,0.1
253,Cristiano Felício,C,25,CHI,55,977,12.5,0.614,0.009,0.377,8.8,17.1,12.8,8.4,0.8,1,17.7,13.6,,1.2,0.5,1.7,0.086,,-2.8,-1.1,-3.9,-0.5
254,Andrew Harrison,PG,23,MEM,56,1326,12.7,0.534,0.331,0.371,2,9.7,5.7,21.3,1.4,1.8,14,19.6,,1,0.7,1.7,0.062,,-1,-0.5,-1.5,0.2
255,Justin Holiday,SG,28,CHI,72,2265,10.8,0.513,0.574,0.21,1.4,12.8,6.9,10.1,1.7,1.2,9.8,18.2,,0.1,1.6,1.7,0.036,,-1.6,-0.3,-1.9,0
256,Wesley Johnson,SF,30,LAC,74,1486,9.8,0.512,0.481,0.158,2.2,13.6,8,5.6,2.5,3.5,12.3,13,,-0.1,1.7,1.7,0.055,,-2.5,1.7,-0.7,0.5
257,Nick Young,SG,32,GSW,80,1393,10,0.562,0.668,0.133,1.7,7.9,5,3.5,1.3,0.4,7,17.5,,0.8,0.9,1.7,0.059,,-1.6,-1.9,-3.5,-0.5
258,Quinn Cook,PG,24,GSW,33,740,12.8,0.593,0.413,0.099,1.6,10.2,6.2,16.6,0.8,0.1,10.8,17.5,,1.1,0.4,1.6,0.101,,-0.1,-1.5,-1.6,0.1
259,Al Jefferson,C,33,IND,36,484,20.2,0.563,0.014,0.173,7,26.2,16.7,10,1.7,4.2,8.6,22.5,,0.8,0.8,1.6,0.158,,0.6,1.5,2,0.5
260,Lucas Nogueira,C,25,TOR,49,418,17.3,0.661,0.238,0.35,4.9,18.1,11.7,7.2,2.7,8.2,14.8,11.4,,0.7,1,1.6,0.188,,0.1,5,5.2,0.8
261,Noah Vonleh,PF,22,TOT,54,875,12.8,0.509,0.282,0.248,8.5,30.2,19.2,5.7,1.1,1.6,10.7,14.5,,0.5,1.2,1.6,0.09,,-1.1,-0.2,-1.3,0.2
262,Tarik Black,C,26,HOU,51,536,14.3,0.582,0.087,0.496,13.4,20.9,17.1,3.7,1.9,4.8,18.4,15.6,,0.5,1,1.5,0.136,,-3.7,1.2,-2.6,-0.1
263,Channing Frye,C,34,TOT,53,695,13.1,0.599,0.542,0.09,1.9,19.4,10.8,7.9,1.3,1.6,8.7,15.2,,0.9,0.6,1.5,0.101,,-0.5,0,-0.5,0.3
264,Thon Maker,C,20,MIL,74,1238,10.2,0.499,0.329,0.294,7.1,14.2,10.6,5.2,1.5,3.7,11,14.6,,0.3,1.1,1.5,0.056,,-3.2,-0.4,-3.5,-0.5
265,Boban Marjanović,C,29,TOT,39,337,26,0.616,0,0.655,15.7,31.4,23.5,11.2,1.5,2.8,15.9,29.4,,1,0.5,1.5,0.215,,2.3,0.2,2.5,0.4
266,Zach Randolph,PF,36,SAC,59,1508,17.3,0.529,0.193,0.14,7,23.7,15,14.9,1.4,0.6,12.5,27.6,,0.3,1.2,1.5,0.048,,0.5,-1.5,-1,0.4
267,Willie Reed,C,27,TOT,42,428,19.2,0.671,0.017,0.455,9.1,21.8,15.5,3.6,1,4.3,11.6,16.6,,1,0.5,1.5,0.172,,0.5,0.3,0.8,0.3
268,Troy Daniels,SG,26,PHO,79,1622,9.8,0.583,0.797,0.111,0.8,7.7,4.2,4.5,0.8,0.2,8.5,17.2,,1.4,0,1.4,0.042,,-0.5,-2.1,-2.6,-0.3
269,Tim Frazier,PG,27,WAS,59,838,11.3,0.475,0.326,0.174,2.4,13.1,7.8,31.1,2.8,0.7,23.5,12.8,,0.4,1,1.4,0.08,,-2.8,1.8,-0.9,0.2
270,Langston Galloway,SG,26,DET,58,863,12.2,0.503,0.641,0.121,1.6,10.3,5.9,10.1,2,0.5,4.8,19.3,,0.5,0.9,1.4,0.08,,-0.2,0.2,0.1,0.5
271,Skal Labissière,PF,21,SAC,60,1240,14.3,0.513,0.111,0.258,8.7,18.1,13.2,9.1,1,3.7,12.5,21.1,,0.4,1,1.4,0.054,,-1.9,-0.8,-2.7,-0.2
272,Shane Larkin,PG,25,BOS,54,775,10.3,0.491,0.393,0.169,2.1,10.7,6.5,18.5,1.9,0.2,12.3,15.5,,0.3,1.1,1.4,0.087,,-2.8,1.1,-1.7,0.1
273,Tony Parker,PG,35,SAS,55,1071,12.7,0.498,0.095,0.201,0.7,9.2,4.9,28.2,1.3,0.1,13.9,20.5,,0.4,1.1,1.4,0.065,,-2.3,-0.9,-3.3,-0.3
274,J.R. Smith,SG,32,CLE,80,2244,8.4,0.534,0.64,0.094,1.5,10.1,5.9,8.6,1.5,0.4,11.6,13.8,,0.6,0.9,1.4,0.031,,-2.1,-0.9,-3,-0.6
275,Miloš Teodosić,PG,30,LAC,45,1134,11.6,0.564,0.644,0.128,1.6,10.5,6.1,26.2,1,0.4,20.3,18.2,,0.9,0.5,1.4,0.058,,-0.3,-1.5,-1.7,0.1
276,Jamal Crawford,SG,37,MIN,80,1653,13,0.519,0.423,0.152,1.4,5.5,3.5,16.9,1.2,0.5,10.7,23.7,,0.9,0.3,1.3,0.037,,0.1,-2.5,-2.3,-0.1
277,Kenneth Faried,PF,28,DEN,32,461,17.4,0.552,0.007,0.345,16.7,20.7,18.7,5.8,1.3,2.4,11.9,18.3,,0.9,0.4,1.3,0.132,,-0.3,-1.7,-2.1,0
278,Joffrey Lauvergne,C,26,SAS,55,534,16.5,0.536,0.026,0.247,13,22.6,17.8,12.2,0.9,0.5,13.5,20.4,,0.6,0.7,1.3,0.12,,-0.4,-0.6,-1,0.1
279,Jarell Martin,PF,23,MEM,73,1661,10.5,0.516,0.198,0.234,6.6,15.8,11.1,7,1.2,2.8,13.6,17.1,,0.1,1.2,1.3,0.038,,-3.3,-0.7,-4,-0.8
280,Nerlens Noel,C,23,DAL,30,472,16.2,0.558,0.01,0.267,10.9,29.3,19.8,6.3,3.3,4.1,18.1,13.8,,0.4,1,1.3,0.135,,-2.2,2.7,0.5,0.3
281,Brandan Wright,PF,30,TOT,28,381,19,0.596,0,0.324,9.8,19.3,14.4,5.6,1.7,6.4,6.4,14.7,,0.8,0.5,1.3,0.163,,1.1,1,2.1,0.4
282,Justin Anderson,SF,24,PHI,38,519,13,0.54,0.51,0.188,5.4,13.6,9.6,7.1,1.4,1.1,6.8,19.3,,0.6,0.7,1.2,0.115,,-0.6,-0.3,-0.9,0.1
283,Dillon Brooks,SF,22,MEM,82,2350,9.8,0.531,0.342,0.215,2.4,10.5,6.3,9.3,1.6,0.7,12.8,18.5,,0.1,1.1,1.2,0.024,,-2.9,-1.1,-4,-1.2
284,Vince Carter,SF,41,SAC,58,1026,10.8,0.523,0.583,0.131,1.9,15.1,8.2,9.7,2.1,2.4,10.7,14.7,,0.3,0.9,1.2,0.056,,-1.9,0.7,-1.2,0.2
285,Tyler Cavanaugh,PF,23,ATL,39,518,13,0.567,0.586,0.138,9.7,17.7,13.7,7.8,0.8,0.7,8,14.8,,0.9,0.3,1.2,0.109,,-0.4,-1.5,-1.9,0
286,Sam Dekker,PF,23,LAC,73,883,11.5,0.534,0.232,0.216,5.6,16,10.8,6.2,1.3,0.9,10.4,15.5,,0.6,0.6,1.2,0.066,,-2.3,-0.6,-2.9,-0.2
287,Terrance Ferguson,SG,19,OKC,61,763,7.4,0.545,0.71,0.059,2.7,4.2,3.4,3.4,1.6,1.2,6,10.4,,0.7,0.5,1.2,0.077,,-3.2,-0.1,-3.3,-0.3
288,Danilo Gallinari,SF,29,LAC,21,671,13.8,0.545,0.434,0.34,1.5,14.9,8.3,8.9,0.9,1.2,8.1,20.6,,0.8,0.4,1.2,0.088,,0.4,-0.9,-0.5,0.3
289,Jarrett Jack,PG,34,NYK,62,1548,11.5,0.489,0.194,0.169,1.6,12.1,6.8,31.3,1.1,0.2,19.5,16.7,,0.5,0.7,1.2,0.036,,-1.6,-1.3,-2.8,-0.3
290,Semi Ojeleye,PF,23,BOS,73,1150,4.6,0.473,0.665,0.218,3.6,11.6,7.7,2.4,0.9,0.3,10.8,9,,-0.2,1.3,1.2,0.048,,-4.6,-0.1,-4.7,-0.8
291,Jabari Parker,PF,22,MIL,31,743,17.1,0.55,0.244,0.163,6.6,17.1,11.9,13.1,1.7,1.2,11.2,24.4,,0.6,0.6,1.2,0.08,,0.9,-1.7,-0.8,0.2
292,Ivan Rabb,PF,20,MEM,36,516,16.6,0.599,0,0.237,11.6,24.1,17.7,10.4,1.2,2.4,17.3,17.7,,0.7,0.5,1.2,0.109,,-0.9,-1.2,-2,0
293,Garrett Temple,SG,31,SAC,65,1615,10.2,0.536,0.477,0.164,1.5,9.6,5.4,11.3,1.8,1.6,13.4,16.4,,0.3,0.9,1.2,0.035,,-2.2,-0.3,-2.5,-0.2
294,Jerryd Bayless,SG,29,PHI,39,925,7.5,0.546,0.557,0.168,1.8,7.3,4.7,8,1.2,0.5,14.1,15.1,,0.2,0.9,1.1,0.055,,-2.7,-0.2,-2.8,-0.2
295,Ian Clark,SG,26,NOP,74,1455,9.4,0.529,0.394,0.119,0.8,8.4,4.7,10.4,1.1,0.5,9.9,17.2,,0.3,0.8,1.1,0.037,,-2.7,-0.8,-3.5,-0.6
296,Meyers Leonard,C,25,POR,33,254,17.8,0.676,0.333,0.141,5.2,24.7,15,10.6,1.4,0,10.8,16.1,,0.7,0.3,1.1,0.2,,1,0.9,2,0.3
297,Chandler Parsons,SF,29,MEM,36,691,13.6,0.578,0.517,0.115,2.3,13,7.5,16.4,1.3,1.5,12.5,18.3,,0.7,0.4,1.1,0.077,,1.2,-0.4,0.8,0.5
298,Dwyane Wade,SG,36,TOT,67,1536,15,0.5,0.163,0.277,3.7,14.6,9.2,23.5,2,2.6,15.5,26.2,,-0.4,1.6,1.1,0.036,,-0.9,-0.1,-1,0.4
299,Quincy Acy,PF,27,BRK,70,1359,8.2,0.525,0.8,0.164,3.1,17.1,10,6,1.2,1.6,13.3,14.4,,-0.1,1.1,1,0.036,,-2.6,0.1,-2.5,-0.2
300,Malcolm Delaney,PG,28,ATL,54,1014,10.6,0.519,0.435,0.323,1,10,5.5,23.4,1.7,0.5,16.9,16.9,,0.4,0.6,1,0.047,,-2.2,-0.4,-2.6,-0.1
301,Justin Jackson,SF,22,SAC,68,1506,9.2,0.521,0.442,0.086,2,12.6,7.1,7.2,0.9,0.8,8.4,14.2,,0.4,0.5,1,0.031,,-2.4,-1.1,-3.5,-0.6
302,Joe Johnson,SF,36,TOT,55,1205,8.1,0.49,0.403,0.125,1.3,14.7,8.1,10.2,0.7,0.5,11.4,15.9,,-0.3,1.3,1,0.04,,-2.7,-0.2,-2.9,-0.3
303,Emeka Okafor,C,35,NOP,26,353,16.4,0.545,0,0.232,14.9,21.7,18.4,3.1,1.1,5.6,11,14.4,,0.5,0.5,1,0.14,,-1.1,-0.2,-1.2,0.1
304,Sindarius Thornwell,SG,23,LAC,73,1156,8.2,0.519,0.262,0.378,3.2,10,6.7,7.8,2,1.8,16.3,12.1,,0.1,0.9,1,0.041,,-3.4,1,-2.4,-0.1
305,Ante Žižić,C,21,CLE,32,214,24.2,0.746,0,0.433,12.8,18.6,15.7,3.8,0.5,5.2,12.1,18.8,,0.9,0.2,1,0.231,,1.9,-0.9,1,0.2
306,Ivica Zubac,C,20,LAL,43,410,15.3,0.557,0.008,0.418,11.8,20.1,16,8.8,0.9,3,15.3,17.6,,0.5,0.5,1,0.118,,-1.8,-0.3,-2,0
307,Luke Babbitt,SF,28,TOT,50,715,9.8,0.576,0.726,0.102,1.1,13.9,7.5,6.5,0.5,0.8,7.8,15,,0.5,0.4,0.9,0.06,,-0.9,-1.5,-2.4,-0.1
308,Michael Carter-Williams,PG,26,CHO,52,835,10.8,0.446,0.258,0.389,4.7,13.3,8.9,19.4,2.6,2.3,16.2,16.6,,-0.2,1.1,0.9,0.05,,-3.3,1.8,-1.5,0.1
309,Torrey Craig,SF,27,DEN,39,629,9.8,0.535,0.423,0.255,7.2,15.5,11.4,5.4,0.9,2,11.6,11.9,,0.5,0.4,0.9,0.069,,-2.2,-0.7,-2.9,-0.1
310,Kris Dunn,PG,23,CHI,52,1525,14.5,0.488,0.201,0.171,1.6,14.4,7.8,33.3,3.3,1.6,17.3,24.7,,-1,1.9,0.9,0.027,,-2.4,1.1,-1.3,0.3
311,Kawhi Leonard,SF,26,SAS,9,210,26,0.572,0.315,0.342,3.1,19.1,11.1,17.7,4.3,3.6,11.1,30.6,,0.3,0.5,0.9,0.196,,5.2,4.9,10.1,0.6
312,Raul Neto,PG,25,UTA,41,498,11.9,0.55,0.311,0.232,1.6,9.5,5.6,23,1.3,0.7,17.8,18.3,,0.3,0.6,0.9,0.086,,-1.6,0.2,-1.4,0.1
313,Cedi Osman,SF,22,CLE,61,672,11,0.577,0.468,0.247,3.2,16.6,10,8.7,1.6,0.4,13.4,15.7,,0.5,0.4,0.9,0.064,,-2.1,-0.7,-2.9,-0.1
314,Miles Plumlee,C,29,ATL,55,918,10.6,0.574,0,0.333,9.4,18.3,13.9,7.2,0.9,2.8,23.4,12.8,,0.1,0.7,0.9,0.046,,-3.7,-0.1,-3.8,-0.4
315,Lance Thomas,PF,29,NYK,73,1353,6.3,0.513,0.464,0.199,3.6,10.7,7.2,4.2,1.1,0.9,12.1,10.7,,0.3,0.6,0.9,0.031,,-3.2,-0.5,-3.7,-0.6
316,Jared Dudley,PF,32,PHO,48,686,8.8,0.553,0.656,0.287,1.2,13.6,7.3,15.6,1.7,1.3,16.9,10.2,,0.5,0.4,0.8,0.058,,-3,0.5,-2.5,-0.1
317,Tyler Ennis,PG,23,LAL,54,683,11.1,0.473,0.25,0.129,3,11.8,7.4,21.9,2.1,1.2,13.8,17.1,,0.1,0.7,0.8,0.058,,-3,0.9,-2.1,0
318,Shaquille Harrison,PG,24,PHO,23,384,15.6,0.54,0.21,0.306,2.5,14.7,8.5,22.2,3.2,1.5,13.5,18,,0.4,0.4,0.8,0.094,,-2.3,1.7,-0.7,0.1
319,T.J. Leaf,PF,20,IND,53,459,10.7,0.545,0.309,0.118,7.2,13,10.1,2.8,0.5,0.8,6.5,14.9,,0.5,0.3,0.8,0.082,,-1.4,-1.7,-3.1,-0.1
320,Timothé Luwawu-Cabarrot,SF,22,PHI,52,807,7,0.511,0.592,0.217,1.9,7.5,4.8,9.3,0.7,0.5,11.5,17.5,,0.1,0.7,0.8,0.046,,-3.1,-1.1,-4.1,-0.4
321,Rodney McGruder,SG,26,MIA,18,299,12,0.595,0.479,0.11,4.1,8.3,6.2,8.4,1.3,0.9,5,12.1,,0.5,0.3,0.8,0.125,,-1,-0.4,-1.4,0.1
322,Cameron Payne,PG,23,CHI,25,582,14,0.498,0.423,0.074,3.2,9.8,6.4,29.9,2.2,1.4,14,19.3,,0.3,0.4,0.8,0.063,,-0.1,-0.3,-0.4,0.2
323,JaKarr Sampson,SF,24,SAC,22,344,13.9,0.585,0.123,0.198,6.7,19.7,12.9,3.9,1.2,6.1,8.3,12.5,,0.4,0.4,0.8,0.114,,-2.3,1.1,-1.2,0.1
324,MarShon Brooks,SG,29,MEM,7,193,26.1,0.629,0.314,0.225,4.7,8,6.3,25.9,2.9,1.5,12.5,29.8,,0.6,0.2,0.7,0.179,,7.5,-0.4,7.1,0.4
325,Sterling Brown,SG,22,MIL,54,776,9.1,0.503,0.444,0.117,4.1,17.5,10.8,4.5,2,1.4,10.4,14,,0,0.7,0.7,0.043,,-2.8,-0.2,-3.1,-0.2
326,Marquese Chriss,PF,20,PHO,72,1527,11.1,0.509,0.398,0.331,5.2,22.7,13.8,8.1,1.6,3.7,16.4,18.1,,-0.8,1.5,0.7,0.023,,-3.2,0.4,-2.8,-0.3
327,Dante Exum,PG,22,UTA,14,235,16.7,0.566,0.207,0.356,2,10.5,6.3,29.7,1.7,1.1,16.6,23.1,,0.3,0.3,0.7,0.133,,-0.3,0.4,0.1,0.1
328,Wesley Iwundu,SF,23,ORL,62,1020,7.8,0.48,0.211,0.216,3.9,11,7.4,7.8,1.6,0.9,11.2,11.6,,0,0.7,0.7,0.032,,-4.2,-0.1,-4.3,-0.6
329,Shabazz Muhammad,SF-SG,25,TOT,43,418,15.4,0.51,0.144,0.266,6.3,14.8,10.6,5.7,1.1,0.6,2.8,23,,0.5,0.2,0.7,0.081,,-0.3,-2.3,-2.5,-0.1
330,Jason Terry,SG,40,MIL,51,814,8.1,0.525,0.747,0.058,0.7,6.2,3.5,9.7,2.6,1.4,13.7,10.1,,0.1,0.6,0.7,0.042,,-2.6,0.6,-2,0
331,Tyrone Wallace,PG,23,LAC,30,851,10.1,0.517,0.162,0.316,2.7,10.7,6.8,11.8,1.5,1.3,14.1,16.6,,0.2,0.5,0.7,0.042,,-3.1,-0.4,-3.5,-0.3
332,C.J. Williams,SG,27,LAC,38,707,9.5,0.512,0.396,0.081,1.9,6.7,4.4,8.5,2.1,1.5,8.9,13.7,,0.3,0.5,0.7,0.051,,-2.8,0.7,-2.1,0
333,Isaiah Canaan,PG-SG,26,TOT,20,422,13.5,0.539,0.482,0.372,1.5,10,5.7,26.7,1.8,0.2,15.4,18.9,,0.5,0.1,0.6,0.072,,-0.5,-0.7,-1.3,0.1
334,Mario Chalmers,PG,31,MEM,66,1421,10.4,0.503,0.431,0.312,1,12,6.4,21.5,2.8,0.9,18.8,19.6,,-0.6,1.3,0.6,0.021,,-3.7,0.5,-3.2,-0.4
335,Zach Collins,C,20,POR,66,1045,7.5,0.475,0.391,0.145,4.7,18.2,11.5,7.1,0.8,2.4,15.9,15.4,,-0.7,1.3,0.6,0.03,,-4.5,0.2,-4.3,-0.6
336,Mike Conley,PG,30,MEM,12,373,15.4,0.52,0.458,0.393,0,8.6,4.2,22.2,1.6,0.8,8.4,25.9,,0.4,0.2,0.6,0.077,,1.3,-0.8,0.5,0.2
337,Damyean Dotson,SG,23,NYK,44,474,11.6,0.532,0.422,0.143,2.1,17.5,9.8,9.5,1.3,0.4,9,17.3,,0.3,0.3,0.6,0.06,,-1.6,-0.6,-2.3,0
338,Danuel House,SG,24,PHO,23,403,12.4,0.533,0.45,0.24,3.4,17,10.1,9.4,0.8,1.2,7.2,16.2,,0.4,0.1,0.6,0.066,,-0.8,-0.8,-1.6,0
339,Dakari Johnson,C,22,OKC,31,161,16.4,0.575,0,0.513,10.7,12.8,11.7,7.2,1.8,4.5,5.9,13.5,,0.4,0.2,0.6,0.178,,-1.2,0.9,-0.3,0.1
340,Patrick McCaw,SG,22,GSW,57,961,7.4,0.477,0.356,0.151,2,7.2,4.8,10.6,2.2,0.8,14.6,12.8,,-0.3,0.8,0.6,0.029,,-4.3,0.1,-4.1,-0.5
341,Jameer Nelson,PG,35,TOT,50,1013,8.1,0.489,0.508,0.082,1.4,9.5,5.6,22.8,1.3,0.3,21,13.7,,-0.1,0.7,0.6,0.028,,-2.9,-0.4,-3.3,-0.3
342,Jahlil Okafor,C,22,TOT,28,353,15.3,0.584,0.029,0.21,6.3,19.4,12.8,5.9,0.4,3.9,12.2,21,,0.3,0.3,0.6,0.083,,-1.8,0,-1.7,0
343,Norman Powell,SG,24,TOR,70,1062,8.5,0.492,0.497,0.104,1.5,10.9,6.3,11.8,1.7,1.2,14.4,18.9,,-0.6,1.2,0.6,0.027,,-3.2,0.2,-2.9,-0.3
344,Glenn Robinson III,SF,24,IND,23,338,10.8,0.529,0.4,0.129,3.7,8.6,6.2,6.8,1.9,0.3,5.3,12.5,,0.4,0.3,0.6,0.088,,-1.2,0.4,-0.7,0.1
345,Marreese Speights,C,30,ORL,52,675,13.7,0.539,0.668,0.158,3.4,18.4,10.8,9.8,0.6,2.6,9.7,26.9,,0.1,0.5,0.6,0.045,,0.2,-1.4,-1.1,0.1
346,Isaiah Taylor,PG,23,ATL,67,1167,10.9,0.492,0.205,0.362,2.1,6.9,4.5,27,1.4,0.7,15.7,20.1,,0.2,0.5,0.6,0.027,,-3.1,-1.3,-4.4,-0.7
347,Guerschon Yabusele,PF,22,BOS,33,235,12.3,0.559,0.607,0.361,8,16.1,12.1,10,0.9,1.8,14.5,15.7,,0.3,0.3,0.6,0.122,,-1.4,0.2,-1.2,0
348,Ron Baker,SG,24,NYK,29,385,9.3,0.504,0.559,0.441,1.4,7.2,4.3,15.5,3.3,1.3,20.4,10,,0.1,0.4,0.5,0.059,,-2.8,2.4,-0.4,0.2
349,Alex Caruso,PG,23,LAL,37,562,8.7,0.519,0.371,0.259,2.9,9.4,6.2,17.8,2,1.4,24.5,12.9,,-0.1,0.6,0.5,0.041,,-3.8,0.9,-2.9,-0.1
350,Kyle Collinsworth,SF,26,DAL,32,480,10,0.433,0.172,0.404,7.2,18,12.4,16.4,1.8,1.7,17.1,13.3,,-0.1,0.5,0.5,0.046,,-3.6,0.9,-2.6,-0.1
351,Matthew Dellavedova,PG,27,MIL,38,712,8.6,0.5,0.513,0.178,2.3,8.2,5.3,27.4,1,0,23,13.5,,0.3,0.2,0.5,0.032,,-2.4,-2,-4.4,-0.4
352,Josh Huestis,PF,26,OKC,69,982,5.4,0.417,0.632,0.11,4.6,13.9,9.1,2.7,0.8,4,12,9.5,,-0.5,1,0.5,0.024,,-3.9,0,-3.9,-0.5
353,Luke Kornet,PF,22,NYK,20,326,13.6,0.516,0.632,0.088,3.8,18,10.9,11.6,0.9,4.2,8.5,19,,0.2,0.3,0.5,0.077,,0.4,-0.2,0.2,0.2
354,DeAndre Liggins,SG,29,TOT,58,724,6,0.467,0.5,0.047,1.1,10.6,5.9,8.4,2.5,1.6,15.6,7.9,,-0.2,0.7,0.5,0.034,,-4.3,1.8,-2.5,-0.1
355,Frank Mason III,PG,23,SAC,52,984,13,0.48,0.226,0.303,3.3,12.1,7.5,22.7,1.7,1,13.1,22.6,,0,0.6,0.5,0.027,,-1.3,-1,-2.3,-0.1
356,Ben McLemore,SG,24,MEM,56,1091,9.7,0.526,0.426,0.172,3.5,11.4,7.4,7.5,1.8,1.3,13.2,19,,-0.2,0.7,0.5,0.023,,-2.9,-1,-3.9,-0.5
357,Brandon Paul,SG,26,SAS,64,576,7.4,0.504,0.425,0.339,1.1,12,6.5,9,2.2,1,16.6,13.6,,-0.3,0.8,0.5,0.045,,-5.1,1.6,-3.5,-0.2
358,Derrick White,PG,23,SAS,17,139,15.9,0.646,0.394,0.606,4,16.9,10.4,9.3,1.5,1.8,12.6,15.4,,0.3,0.2,0.5,0.17,,0.8,1.5,2.3,0.2
359,Troy Williams,SF,23,TOT,21,307,15.1,0.544,0.349,0.275,8,14.8,11.4,7.7,3.2,1.1,13.5,20.1,,0.2,0.4,0.5,0.085,,-1,0.5,-0.5,0.1
360,Jamil Wilson,SF,27,LAC,15,274,11.4,0.634,0.778,0.049,1.2,11.5,6.4,5.2,0.9,2.4,8.8,14.3,,0.4,0.2,0.5,0.096,,0,0.2,0.2,0.2
361,Joe Young,PG,25,IND,53,558,10.1,0.521,0.355,0.156,2.4,10.3,6.4,9.9,1.3,0.2,11.6,18,,0.1,0.4,0.5,0.043,,-2.3,-1.2,-3.5,-0.2
362,Patrick Beverley,SG,29,LAC,11,334,12.4,0.53,0.504,0.143,5.3,9.4,7.4,13.8,2.8,1.3,16.5,19.6,,0.1,0.3,0.4,0.056,,-0.3,0.8,0.5,0.2
363,Andrew Bogut,C,33,LAL,24,216,10.9,0.696,0,0.08,12.9,25.4,19.2,9.1,0.9,4.9,42.3,8.8,,0.1,0.3,0.4,0.094,,-4.7,1.9,-2.8,-0.1
364,Tyler Dorsey,SG,21,ATL,56,974,10,0.494,0.521,0.165,1.9,12.9,7.4,12.5,0.9,0.4,8.3,20,,0,0.4,0.4,0.02,,-1.4,-1.5,-2.9,-0.2
365,Juan Hernangómez,PF,22,DEN,25,277,9.7,0.511,0.667,0.16,7.4,14.6,11,5.9,1.1,0.9,10.1,14,,0.2,0.1,0.4,0.061,,-1.6,-1.7,-3.3,-0.1
366,Derrick Jones Jr.,SF,20,TOT,20,245,10.1,0.48,0.34,0.453,9.6,7.8,8.7,5.1,0.8,4.4,9.9,12.8,,0.1,0.2,0.4,0.075,,-2.9,0.2,-2.7,0
367,Damion Lee,SG,25,ATL,15,404,12,0.489,0.395,0.191,3,16.6,9.8,11.2,2.3,0.2,7.8,19.3,,0,0.4,0.4,0.046,,-2.3,0.4,-1.9,0
368,Josh Magette,PG,28,ATL,18,216,11.9,0.464,0.478,0.174,1,8.8,4.9,36.4,1.8,0.4,15.4,11.8,,0.3,0.1,0.4,0.092,,-2,-0.6,-2.6,0
369,Timofey Mozgov,C,31,BRK,31,359,12.3,0.617,0.194,0.323,9.4,19.7,14.5,4.8,0.7,2.7,23.7,16.8,,0.1,0.3,0.4,0.055,,-3.3,-0.6,-3.9,-0.2
370,D'Angelo Russell,PG,21,BRK,48,1234,15.2,0.509,0.414,0.195,2.6,13.8,8.1,35.7,1.4,1,16.8,30.8,,-0.5,0.9,0.4,0.014,,0.8,-2,-1.2,0.3
371,Derrick Walton,PG,22,MIA,16,147,11.2,0.525,0.68,0.24,1.5,10.7,6.1,14.6,2.4,1.7,6.7,9.1,,0.2,0.2,0.4,0.128,,-1.1,2.4,1.3,0.1
372,Briante Weber,PG,25,TOT,18,237,10.1,0.527,0.256,0.233,3.8,13.1,8.4,13.1,3.8,1.9,24,11.7,,0,0.4,0.4,0.072,,-4.1,2.8,-1.3,0
373,Ryan Arcidiacono,PG,23,CHI,24,304,7.3,0.55,0.756,0.146,0.3,8.8,4.4,15.5,2.1,0,23,8.1,,0.1,0.2,0.3,0.04,,-4.7,0.6,-4.1,-0.2
374,Wade Baldwin,PG,21,POR,7,80,16.6,0.748,0.238,0.476,1.4,9.5,5.5,9.8,1.2,1,13.6,16.1,,0.2,0.1,0.3,0.187,,0.2,1.7,1.9,0.1
375,Malik Beasley,SG,21,DEN,62,583,9,0.509,0.461,0.185,2.7,11,6.9,7.4,1.3,1,11.1,16.2,,0.1,0.3,0.3,0.028,,-2.4,-1.4,-3.8,-0.3
376,Jack Cooley,PF,26,SAC,7,87,19.7,0.566,0,0.704,17.6,21.9,19.6,10.5,0.6,0,7.8,19.8,,0.3,0,0.3,0.182,,0.9,-1.4,-0.6,0
377,Zach LaVine,SG,22,CHI,24,656,14.6,0.499,0.346,0.301,1.4,14.4,7.7,18.6,1.8,0.5,9.7,29.5,,-0.1,0.5,0.3,0.025,,-0.8,-1.5,-2.3,-0.1
378,Jordan Mickey,PF,23,MIA,23,284,10.6,0.515,0.195,0.232,7.1,24.9,16,4.8,1.1,3,16.6,17.1,,-0.1,0.4,0.3,0.054,,-5.2,-0.3,-5.6,-0.3
379,Johnathan Motley,PF,22,DAL,11,176,17.2,0.55,0.08,0.373,8.5,22.9,15.5,7.1,0.9,1,9.3,24.9,,0.1,0.2,0.3,0.084,,-1.3,-2,-3.3,-0.1
380,Johnny O'Bryant,PF,24,CHO,36,379,11.9,0.47,0.251,0.146,8.1,18.6,13.3,5.9,1.2,1.3,7.6,22.5,,-0.1,0.4,0.3,0.038,,-2.9,-1.5,-4.4,-0.2
381,Alec Peters,PF,22,PHO,20,225,10.7,0.523,0.784,0.135,3.7,14,8.8,7.9,0.4,0.7,4.9,15.5,,0.2,0,0.3,0.055,,-0.5,-2.3,-2.8,0
382,Terrence Ross,SG,26,ORL,24,600,9.9,0.505,0.487,0.188,1.8,11.6,6.7,9.3,2.2,1.5,12.3,17.3,,-0.2,0.5,0.3,0.025,,-2.8,0.1,-2.7,-0.1
383,Wayne Selden,SG,23,MEM,35,692,11.8,0.551,0.454,0.219,2.6,6.8,4.7,16,1.3,0.7,15.5,22.6,,0.1,0.2,0.3,0.023,,-0.9,-2.2,-3.1,-0.2
384,Ramon Sessions,PG,31,TOT,28,392,11.2,0.479,0.222,0.487,1.7,9.1,5.4,27.2,1.8,0.4,17.4,19.3,,0.1,0.3,0.3,0.039,,-2.3,-0.9,-3.2,-0.1
385,Nik Stauskas,SG,24,TOT,41,523,9,0.543,0.649,0.188,0.8,12.3,6.5,11.1,0.8,0.6,13.5,15.9,,0.1,0.3,0.3,0.031,,-1.3,-1,-2.3,-0.1
386,Julyan Stone,SG,29,CHO,23,175,7.6,0.684,1,0.154,0.6,17.6,9,19.2,1.1,1,33.5,5.2,,0.2,0.2,0.3,0.087,,-3.2,1.9,-1.3,0
387,Mirza Teletović,PF,32,MIL,10,159,13.5,0.623,0.789,0,2.2,14.7,8.5,9.5,1.3,0.5,10.9,18.2,,0.2,0.1,0.3,0.09,,2.1,-1.7,0.4,0.1
388,Jabari Bird,SG,23,BOS,13,115,12.1,0.615,0.269,0.5,5.8,12.2,9,10.5,1.3,0.7,20.1,15.4,,0.1,0.2,0.2,0.098,,-2.7,-0.4,-3.1,0
389,Lorenzo Brown,PG,27,TOR,14,139,8.2,0.459,0.353,0.059,0.8,11.1,6,12.4,1.8,0,7.9,11.9,,0,0.1,0.2,0.06,,-3.9,1.5,-2.5,0
390,Dwight Buycks,PG,28,DET,29,427,12.8,0.498,0.227,0.207,3,7.7,5.3,22.4,2.2,0.4,15.3,26.4,,-0.2,0.4,0.2,0.027,,-2.3,-0.7,-3.1,-0.1
391,Jordan Crawford,SG,29,NOP,5,53,19.1,0.601,0.519,0.037,4.2,4,4.1,37.7,0.9,1.5,15.4,26.5,,0.1,0,0.2,0.15,,4.9,-0.7,4.2,0.1
392,Markelle Fultz,SG,19,PHI,14,253,12.4,0.416,0.009,0.189,4.9,13.1,9.2,31.3,2.3,1.3,12.4,23.1,,-0.2,0.4,0.2,0.043,,-3.3,0.7,-2.6,0
393,Marcus Georges-Hunt,SG,23,MIN,42,224,6.9,0.515,0.313,0.438,3.6,4.7,4.1,4.1,1.3,0,5,11.9,,0.2,0,0.2,0.049,,-4.3,-0.9,-5.1,-0.2
394,Jonathan Gibson,PG,30,BOS,4,40,25.4,0.739,0.522,0,0,8.1,4.1,22.6,0,0,11.5,29,,0.1,0,0.2,0.195,,4.9,-0.8,4.1,0.1
395,Andre Ingram,SG,32,LAL,2,64,16.3,0.655,0.529,0.176,1.7,8.3,5,15.3,2.2,3.8,14.1,14.1,,0.1,0.1,0.2,0.157,,1.7,2.5,4.3,0.1
396,Jonathan Isaac,PF,20,ORL,27,536,9.8,0.465,0.317,0.172,3.3,17.2,10.2,4.8,3,4.5,14.8,15,,-0.6,0.8,0.2,0.021,,-3.8,2.4,-1.4,0.1
397,Mike James,PG,27,TOT,36,687,13.9,0.469,0.305,0.262,2,12.2,7,29.4,2,0.8,12,25.1,,-0.1,0.3,0.2,0.017,,-0.5,-1,-1.5,0.1
398,Brice Johnson,PF,23,TOT,18,98,18.2,0.486,0.024,0.119,10.4,25.5,17.9,3.4,4.5,5.5,10.2,22.3,,0,0.2,0.2,0.082,,-2.1,1.7,-0.4,0
399,Chris McCullough,PF,22,WAS,19,90,15.8,0.478,0.19,0.333,8.8,22.6,15.7,7.1,0,4.9,4,24.6,,0.1,0.1,0.2,0.081,,-0.3,-1.5,-1.8,0
400,Malcolm Miller,SF,24,TOR,15,126,8.9,0.638,0.75,0.143,3.6,9.6,6.7,3.2,0.4,1.3,14.4,12.1,,0.1,0.1,0.2,0.087,,-0.8,-0.2,-1,0
401,Monte Morris,PG,22,DEN,3,25,27.1,0.727,0.167,0.333,0,9,4.5,41.2,5.9,0,12.7,13.7,,0.1,0,0.2,0.312,,4.3,5,9.4,0.1
402,Adreian Payne,PF,26,ORL,5,43,18.8,0.831,0.3,0.6,5.1,18,11.5,0,2.3,0,13.7,15,,0.1,0,0.2,0.203,,1.8,0.6,2.4,0
403,Gary Payton II,PG,25,TOT,23,221,9.8,0.443,0.338,0.122,6.5,15.5,11,13.7,1.5,1.1,8.2,16.8,,0,0.2,0.2,0.041,,-3.5,-0.4,-3.9,-0.1
404,Marshall Plumlee,C,25,MIL,8,52,10.9,0.697,0,5.333,9,29.2,19.2,4.8,0,1.6,23,11.3,,0.1,0,0.2,0.143,,-3.9,-0.6,-4.5,0
405,Isaiah Thomas,PG,28,TOT,32,862,12.6,0.508,0.447,0.311,2.2,6.3,4.2,27.1,0.8,0.3,16.6,28.8,,-0.1,0.3,0.2,0.009,,-0.9,-3.9,-4.9,-0.6
406,Rashad Vaughn,SG,21,TOT,28,212,9.3,0.546,0.661,0.107,1.6,9.8,5.7,8.7,1.2,1.2,9.3,13.7,,0.1,0.1,0.2,0.05,,-1.3,-1.4,-2.6,0
407,Travis Wear,SF,27,LAL,17,228,6.9,0.497,0.653,0.111,0,17.6,8.9,4.2,0.8,1.8,7.4,15.2,,0,0.2,0.2,0.042,,-3.7,0,-3.7,-0.1
408,Okaro White,PF,25,MIA,6,80,8.9,0.577,0.688,0.188,4.2,11.2,7.7,3.5,0.6,1.1,5.5,10.3,,0.1,0.1,0.2,0.096,,-1,0.3,-0.7,0
409,Arron Afflalo,SG,32,ORL,53,682,5.8,0.516,0.432,0.16,0.6,10.1,5.3,6.2,0.3,1.1,10.8,12.5,,-0.1,0.2,0.1,0.009,,-3.8,-1.5,-5.4,-0.6
410,Tony Allen,SF,36,NOP,22,273,8.7,0.514,0.132,0.231,8.2,10.4,9.3,4.6,1.9,0.9,15.9,18.9,,-0.2,0.2,0.1,0.017,,-5.2,-0.3,-5.5,-0.2
411,Ike Anigbogu,C,19,IND,11,30,21.6,0.558,0,0.667,19,15,16.9,0,1.7,8.9,14.7,20.3,,0.1,0,0.1,0.165,,1.8,0.1,1.9,0
412,Dragan Bender,PF,20,PHO,82,2069,7.1,0.524,0.665,0.105,2,16.8,9.3,8.9,0.5,2.1,18.1,12.7,,-0.7,0.8,0.1,0.001,,-2.9,-0.8,-3.7,-0.9
413,Joel Bolomboy,PF,24,MIL,6,38,11.7,0.521,0.167,1,18.6,12.3,15.4,0,2.6,0,18.8,12.6,,0,0,0.1,0.079,,-2.6,-2.4,-5,0
414,Aaron Brooks,PG,33,MIN,32,189,9.8,0.508,0.449,0.159,4.2,6.2,5.2,15.1,1.6,0,13,19.9,,0.1,0.1,0.1,0.033,,-2.6,-1.3,-3.8,-0.1
415,Thomas Bryant,C,20,LAL,15,72,9.9,0.441,0.476,0.429,4.5,20.5,12.6,11.5,0.7,2.3,7.4,15.9,,0,0.1,0.1,0.05,,-3.1,-0.2,-3.3,0
416,Gian Clavell,SG,24,DAL,7,64,7.4,0.53,0.833,0.111,1.7,10.8,6.1,6.7,1.6,0,9.6,14.8,,0,0,0.1,0.042,,-2.7,0.5,-2.2,0
417,Nick Collison,PF,37,OKC,15,75,13.2,0.627,0,0.684,10,19.9,14.8,8.2,0,0,22.1,18.2,,0.1,0,0.1,0.064,,-2.3,-1.9,-4.2,0
418,Matt Costello,C,24,SAS,4,32,9.7,0.5,0,0,3.4,27.9,15.6,8.3,3.2,5.2,20,7,,0,0.1,0.1,0.127,,-6,5.3,-0.7,0
419,Henry Ellenson,PF,21,DET,38,329,10.5,0.476,0.411,0.199,3.3,24.3,13.6,9.4,0.8,0,10.2,23.8,,-0.2,0.4,0.1,0.02,,-2.6,-1.9,-4.4,-0.2
420,Dorian Finney-Smith,PF,24,DAL,21,448,7.6,0.482,0.554,0.124,5.3,13.6,9.3,8.4,1.1,0.8,14.1,15.1,,-0.2,0.3,0.1,0.015,,-3.8,-0.8,-4.6,-0.3
421,Daniel Hamilton,SG,22,OKC,6,28,18.2,0.545,0.455,0,0,20.5,9.9,44.2,1.8,0,15.4,19.9,,0.1,0,0.1,0.169,,1,1.3,2.3,0
422,Myke Henry,SF,25,MEM,20,378,9.7,0.472,0.532,0.092,3,8.8,5.8,8.9,4.1,1.5,14.4,15.7,,-0.3,0.4,0.1,0.017,,-3.1,1.8,-1.3,0.1
423,Richard Jefferson,SF,37,DEN,20,163,6.4,0.499,0.259,0.259,1.4,10.3,5.9,12,0.6,0.5,14.3,9.4,,0.1,0,0.1,0.029,,-3.5,-0.8,-4.3,-0.1
424,Brandon Jennings,PG,28,MIL,14,205,12.7,0.478,0.458,0.139,2.9,14.8,8.9,31.1,1.5,1.7,19.1,20.8,,0,0.1,0.1,0.026,,-1.2,-2.2,-3.4,-0.1
425,Omari Johnson,PF,28,MEM,4,75,10.5,0.524,0.571,0,6,11.1,8.5,14.5,1.3,0,12.5,14.4,,0.1,0,0.1,0.053,,-1.8,-2.7,-4.5,0
426,Damian Jones,C,22,GSW,15,89,6.8,0.517,0,0.227,6.8,10.6,8.8,2.9,0.5,2.7,14.2,13.9,,0,0.1,0.1,0.031,,-5.3,-1.8,-7.1,-0.1
427,Jalen Jones,SF,24,TOT,16,181,10.3,0.485,0.382,0.279,7.7,15.7,11.6,3.5,1.4,0.5,8.4,20.9,,0,0.2,0.1,0.027,,-3.4,-2.6,-6,-0.2
428,Sean Kilpatrick,SG,28,TOT,52,640,11.6,0.507,0.49,0.245,0.8,14.2,7.5,11.3,1,0.7,10.4,24.9,,-0.2,0.3,0.1,0.008,,-1.1,-1.7,-2.8,-0.1
429,Jon Leuer,PF,28,DET,8,136,8.9,0.505,0.083,0.417,5.6,20.7,13,5.3,0.4,2,14.1,16.1,,0,0.1,0.1,0.05,,-4.3,-0.3,-4.6,-0.1
430,Mangok Mathiang,C,25,CHO,4,20,18,0.538,0,0.143,16,38.5,27.1,0,2.4,0,0,16.1,,0,0,0.1,0.183,,-3.3,-1.3,-4.6,0
431,Alfonzo McKinnie,SF,25,TOR,14,53,10.1,0.643,0.6,0.2,2.2,12.4,7.4,2.7,0.9,1.5,15.5,16,,0,0.1,0.1,0.084,,-2.6,-0.4,-3,0
432,Naz Mitrou-Long,SG,24,UTA,1,1,133.8,1.5,1,0,0,0,0,0,0,0,0,45,,0.1,0,0.1,2.712,,199.4,42.7,242.2,0
433,Joakim Noah,C,32,NYK,7,40,15.6,0.51,0,0.4,16.7,22.1,19.4,14,2.5,4.3,25.4,17.2,,0,0.1,0.1,0.072,,-2.5,1.7,-0.8,0
434,Alex Poythress,PF,24,IND,25,104,7.8,0.5,0.423,0,7.7,10.8,9.2,2.6,1.4,0.9,7.1,12,,0.1,0.1,0.1,0.066,,-3.8,-1.3,-5.1,-0.1
435,David Stockton,PG,26,UTA,3,9,33.9,1.05,1,1.333,0,0,0,0,0,0,17.4,28.8,,0.1,0,0.1,0.459,,6.7,1.1,7.9,0
436,Dion Waiters,SG,26,MIA,30,918,10.5,0.487,0.415,0.168,1,8.5,4.7,19.8,1.3,0.8,13.7,25,,-0.7,0.8,0.1,0.004,,-2.1,-1.4,-3.5,-0.4
437,Jameel Warney,PF,24,DAL,3,27,22.5,0.599,0,0.417,15.9,21.3,18.5,0,0,0,6.6,25.6,,0.1,0,0.1,0.157,,2.5,-2.7,-0.2,0
438,Jacob Wiley,PF,23,BRK,5,33,8.2,0.41,0.5,0.5,6.4,29.2,17.7,8,1.5,0,0,6.4,,0,0,0.1,0.094,,-3.6,1.4,-2.3,0
439,D.J. Wilson,PF,21,MIL,22,71,10.3,0.622,0.313,0.125,3.3,13.2,8.3,6.1,2.1,1.2,19.2,13.3,,0,0.1,0.1,0.054,,-2,0,-2,0
440,James Young,SG,22,PHI,6,61,4.6,0.511,0.714,0.429,0,3.4,1.8,4.3,0,0,5.7,12.3,,0,0,0.1,0.041,,-4.5,-2.4,-6.9,-0.1
441,Cole Aldrich,C,29,MIN,21,49,6,0.34,0,0.4,7,28.6,17.6,8.2,2,1.8,5.4,16.8,,-0.1,0.1,0,-0.013,,-6.8,-0.7,-7.5,-0.1
442,Darrell Arthur,PF,29,DEN,19,141,8.4,0.559,0.489,0.064,2.4,9.5,6,9.3,2.8,1.8,23.7,19.5,,-0.2,0.1,0,-0.011,,-4.8,-0.5,-5.3,-0.1
443,Jamel Artis,SG,25,ORL,15,279,6.9,0.457,0.367,0.152,1.6,13.5,7.5,9.3,0.4,0.9,8.7,14.5,,-0.1,0.1,0,-0.006,,-3.8,-1.6,-5.4,-0.2
444,Antonio Blakeney,SG,21,CHI,19,314,10.1,0.471,0.364,0.273,1.3,10.3,5.6,10.1,1.1,0.3,6.4,23.7,,-0.2,0.1,0,-0.006,,-2.8,-2.4,-5.2,-0.3
445,Chris Boucher,PF,25,GSW,1,1,-28.5,0,1,0,0,100,55.9,0,0,0,0,43.9,,0,0,0,-0.899,,-21.7,-11.4,-33.1,0
446,Tony Bradley,C,20,UTA,9,29,9.5,0.337,0.091,0.182,15.8,27.1,21.5,5,0,0,0,18.4,,0,0,0,0.033,,-3,-4.5,-7.5,0
447,Anthony Brown,SF,25,MIN,1,4,41.9,1.5,1,0,0,0,0,41.7,0,0,0,11.1,,0,0,0,0.571,,26.2,4.3,30.5,0
448,Markel Brown,SG,26,HOU,4,31,-1.2,0.357,0.714,0,3.7,14.4,9.1,8.7,0,0,22.2,12.8,,-0.1,0,0,-0.063,,-8.8,-2,-10.8,-0.1
449,Nicolás Brussino,SF,24,ATL,4,10,-4.6,0,1,0,0,33.5,16.7,0,0,0,0,8.7,,0,0,0,-0.18,,-8.1,-3.2,-11.3,0
450,Bruno Caboclo,SF,22,TOT,12,107,7.4,0.386,0.548,0.194,7.1,16.6,11.7,5,1.4,3.5,10.6,15.8,,-0.1,0.1,0,-0.021,,-4.8,-1,-5.8,-0.1
451,Antonius Cleveland,SG,23,TOT,17,123,4.5,0.486,0.19,0.286,2.7,10.2,6.3,2.2,2.8,3.6,22.8,11.1,,-0.2,0.2,0,-0.006,,-7.6,2.4,-5.2,-0.1
452,Luol Deng,SF,32,LAL,1,13,5.5,0.5,0,0,0,0,0,10.1,3.7,0,33.3,9.8,,0,0,0,-0.018,,-5.3,2.4,-2.9,0
453,PJ Dozier,PG,21,OKC,2,3,-5,0.5,0,0,0,38.3,18.5,0,0,0,33.3,42.9,,0,0,0,-0.404,,-17.7,-2.7,-20.4,0
454,Jarell Eddie,SF,26,TOT,3,9,-1.9,0,1,0,0,12,6.1,0,5.6,0,0,9.8,,0,0,0,-0.142,,-9.1,0.8,-8.3,0
455,Jeremy Evans,SF,30,ATL,1,5,10.4,1,0,0,22.3,0,11.2,0,0,0,50,17.5,,0,0,0,-0.028,,-5.7,-4.2,-9.9,0
456,Gordon Hayward,SF,27,BOS,1,5,7.3,0.5,0.5,0,0,21.6,10.9,0,0,0,0,17.9,,0,0,0,0.056,,-6.6,-0.8,-7.4,0
457,Reggie Hearn,SG,26,DET,3,7,13.1,0.75,1,0,0,0,0,0,0,0,0,12.7,,0,0,0,0.132,,2.9,-1.4,1.5,0
458,Isaiah Hicks,PF,23,NYK,18,240,6.8,0.501,0.125,0.25,4.6,14.3,9.5,9.5,0.4,1.4,16.7,17.4,,-0.1,0.1,0,-0.003,,-6.4,-1.2,-7.6,-0.3
459,Darrun Hilliard,SG,24,SAS,14,95,3.4,0.362,0.316,0.368,0,8.2,4.1,15.3,1.1,0,15.3,12.3,,-0.1,0.1,0,-0.015,,-7.1,-0.8,-7.9,-0.1
460,Scotty Hopson,SG,28,DAL,1,8,-4.6,0.266,0,2,0,0,0,15.8,0,0,34.7,16.3,,0,0,0,-0.238,,-9.2,-4.7,-14,0
461,R.J. Hunter,SG,24,HOU,5,45,8.5,0.455,0.7,0.1,0,12.4,6.3,10.3,3.3,0,8.7,22.5,,0,0.1,0,0.022,,-5.2,1.9,-3.3,0
462,Vince Hunter,PF,23,MEM,4,7,35.8,0.6,0,0,32.3,16.9,24.8,0,0,13.4,16.7,38.5,,0,0,0,0.097,,10.4,-0.7,9.7,0
463,Aaron Jackson,PG,31,HOU,1,35,2.4,0.405,0.444,0.222,6.5,3.2,4.8,4,0,0,9.2,13.7,,0,0,0,-0.017,,-6.6,-2.3,-8.9,-0.1
464,Furkan Korkmaz,SG,20,PHI,14,80,3.4,0.386,0.607,0.143,2.8,11.7,7.4,6.7,1.2,1,6.3,16.9,,-0.1,0.1,0,-0.006,,-6.6,-1,-7.6,-0.1
465,Mindaugas Kuzminskas,SF,28,NYK,1,2,-41.1,0,0,0,0,0,0,0,0,0,0,43.7,,0,0,0,-1.065,,-33,-21.7,-54.7,0
466,Jeremy Lin,PG,29,BRK,1,25,15.9,0.597,0.167,0.583,0,0,0,27.1,0,0,16.6,31.3,,0,0,0,0.087,,-1,-4.4,-5.4,0
467,Tyler Lydon,PF,21,DEN,1,2,0,,,,0,0,0,0,0,0,,0,,0,0,0,-0.014,,-3.9,-1.6,-5.4,0
468,James Michael McAdoo,PF,25,PHI,3,18,7.4,0.508,1,0.286,0,11.5,6,0,0,4.6,11.3,21,,0,0,0,0.023,,-2.3,-0.7,-3,0
469,Trey McKinney-Jones,SG,27,IND,1,1,0,,,,0,0,0,0,0,0,,0,,0,0,0,-0.001,,-6.2,-2.3,-8.5,0
470,Josh McRoberts,PF,30,DAL,2,6,-12.5,0,1,0,0,0,0,0,0,0,0,7.6,,0,0,0,-0.19,,-17.9,-3.6,-21.4,0
471,Malik Monk,SG,19,CHO,63,854,10.3,0.477,0.572,0.089,1,7.5,4.2,16.9,1.1,0.9,10,24.9,,-0.5,0.5,0,0,,-1.3,-2,-3.4,-0.3
472,Ben Moore,PF,22,IND,2,9,-2.3,,,,0,12.5,6.3,13.1,0,0,,0,,0,0,0,0.072,,-10.5,1.3,-9.3,0
473,Emmanuel Mudiay,PG,21,TOT,64,1245,11.5,0.474,0.281,0.245,2.3,11.3,6.8,24.5,1.6,0.8,16.2,24.4,,-0.8,0.7,0,-0.002,,-2.1,-1.8,-3.9,-0.6
474,Georges Niang,PF,24,UTA,9,32,9.2,0.379,0.364,0.182,10.8,21.1,16,14,3.1,0,20.2,20.9,,-0.1,0.1,0,-0.029,,-4.9,0.9,-4,0
475,Marcus Paige,PG,24,CHO,5,28,9.1,0.403,0.571,0.143,0,15.7,7.7,16.1,0,0,0,23,,0,0,0,-0.006,,-5.6,-3.2,-8.8,0
476,Georgios Papagiannis,C,20,TOT,17,122,12.2,0.429,0,0,11.6,23.4,17.2,11.2,1.6,4.7,16,18.4,,-0.1,0.1,0,0.005,,-3.9,-0.3,-4.1,-0.1
477,Justin Patton,C,20,MIN,1,4,19.8,0.5,0,0,0,0,0,0,12.5,0,0,22.1,,0,0,0,0.151,,-2.2,5.4,3.2,0
478,Kendrick Perkins,C,33,CLE,1,15,8.4,0.521,0,1,0,7.4,3.7,17.3,3.3,0,25.8,11.4,,0,0,0,0.026,,-4.3,2.1,-2.2,0
479,Jacob Pullen,PG,28,PHI,3,6,-2.3,0.5,0.5,0,0,0,0,0,0,0,33.3,21.3,,0,0,0,-0.21,,-8.3,-4.4,-12.7,0
480,Tim Quarterman,SG,23,HOU,3,13,2.9,0.515,0.667,0.667,0,25.8,13,10.6,0,0,34,20,,0,0,0,-0.083,,-8.5,-1.2,-9.7,0
481,Devin Robinson,SF,22,WAS,1,13,10.5,0.333,0,0,17.4,26,21.7,0,3.8,0,0,10.2,,0,0,0,0.098,,-4.2,2.1,-2.1,0
482,Iman Shumpert,SG,27,CLE,14,276,6.4,0.48,0.448,0.259,2.9,13.6,8.3,8.1,1.6,1.2,19.9,12.9,,-0.2,0.2,0,-0.006,,-3.4,0,-3.3,-0.1
483,Xavier Silas,SG,30,BOS,2,7,-4.9,0,0.667,0,15.8,15.4,15.6,0,7.1,0,0,19.1,,-0.1,0,0,-0.25,,-11.7,3.5,-8.1,0
484,Kyle Singler,SF,29,OKC,12,59,5.9,0.43,0.238,0.619,1.8,17.5,9.4,4.8,0.8,0,10.1,21.6,,-0.1,0,0,-0.031,,-5,-1.6,-6.7,-0.1
485,Jason Smith,C,31,WAS,33,285,8.8,0.455,0.278,0.183,7.2,13.9,10.5,7.4,0.5,4,11.4,21.7,,-0.2,0.3,0,0.003,,-5.4,-1,-6.4,-0.3
486,Josh Smith,PF,32,NOP,3,12,3.5,0.25,0,0,28.1,8.7,18.1,0,0,0,0,14.4,,0,0,0,-0.013,,-8.4,-6.2,-14.6,0
487,Edmond Sumner,PG,22,IND,1,2,39.8,1,0,0,0,56.1,28.2,0,0,0,0,22.3,,0,0,0,0.425,,-2.4,9.3,6.9,0
488,Caleb Swanigan,PF,20,POR,27,189,7.5,0.449,0.133,0.3,8.7,22.3,15.6,10.8,1.3,1.3,20.9,20,,-0.3,0.3,0,-0.003,,-6.6,1.2,-5.5,-0.2
489,Alan Williams,PF,25,PHO,5,70,9.3,0.455,0,0.5,4.5,29.5,16.8,16.3,3.4,1.2,24.2,17.5,,-0.1,0.1,0,-0.004,,-7.3,2.3,-5,-0.1
490,Derrick Williams,PF,26,LAL,2,9,-3.2,0.25,0.5,0,0,11.7,5.9,0,0,0,0,18.9,,0,0,0,-0.191,,-9.8,-7,-16.8,0
491,Matt Williams,SG,24,MIA,3,11,-0.7,0.417,0.833,0,0,10.2,5.1,0,0,0,14.3,28.6,,-0.1,0,0,-0.197,,-7,-4.2,-11.2,0
492,Jeff Withey,C,27,DAL,9,39,8.3,0.444,0.625,0.125,2.8,26.6,14.2,0,0,6.8,10.6,22,,-0.1,0.1,0,-0.054,,-4.4,-0.6,-5,0
493,Kadeem Allen,PG,25,BOS,18,107,2.6,0.366,0.5,0.409,4.1,7.1,5.6,15.2,1.4,1.6,25.7,14.6,,-0.2,0.1,-0.1,-0.038,,-8.3,0.6,-7.7,-0.2
494,Ömer Aşık,C,31,TOT,18,182,3.1,0.397,0,0.591,5.5,22.2,14,2.1,0.5,1.9,24.5,8.7,,-0.2,0.2,-0.1,-0.021,,-6.5,-1.5,-8,-0.3
495,Dwayne Bacon,SG,22,CHO,53,713,5.8,0.431,0.224,0.13,0.6,18.5,9.4,7.5,1.1,0.2,10.2,13.7,,-0.7,0.6,-0.1,-0.007,,-4.8,0.1,-4.7,-0.5
496,Vander Blue,SG,25,LAL,5,45,-1.8,0.255,0.4,0.4,0,2.3,1.2,8.2,1.1,0,33.8,8.4,,-0.1,0,-0.1,-0.103,,-7.6,-0.7,-8.4,-0.1
497,Milton Doyle,SG,24,BRK,10,125,5.2,0.337,0.489,0.17,2.5,12.9,7.6,11.7,2.3,1.2,3.8,18.2,,-0.3,0.1,-0.1,-0.052,,-6.6,-0.2,-6.8,-0.1
498,Larry Drew II,PG,27,TOT,10,70,2.9,0.354,0.375,0,4.8,0,2.3,18.5,0,0,11.1,16.6,,-0.1,0,-0.1,-0.061,,-5.6,-3.4,-9,-0.1
499,Aaron Harrison,SG,23,DAL,9,233,5.1,0.392,0.623,0.246,1.8,9.9,5.7,6.7,1.9,0.8,3.8,15.5,,-0.3,0.2,-0.1,-0.014,,-6.8,-0.6,-7.5,-0.3
500,Udonis Haslem,C,37,MIA,14,72,1.8,0.252,0.533,0.133,4.7,10.9,7.8,9.2,0,2.4,11.2,11.1,,-0.1,0.1,-0.1,-0.059,,-5.9,-1.8,-7.7,-0.1
